dataset,key_0,symbol,direction,contracts,entry_time,entry_price,exit_time,exit_price,stop_price,target_price,exit_reason,pnl_gross,commission,pnl_net,initial_risk_dollars,r_multiple,bars_held,reason,or_size,atr20,range_so_far,expansion_ratio,dist_vwap,vwap_slope,ema200_slope,making_hh,making_ll,rel_volume,vwap,ema_trend,close,lado,dist_vwap_favor,pendiente_vwap,pendiente_ema200,sobre_vwap,sobre_ema200,estructura_previa,or_size_b,atr20_b,rango_acum_b,expansion_b,dist_vwap_b,rel_volume_b,day_range,day_eff,day_dir,vol_dia,tipo_dia,vs_dia
A_oos_2025,2025-01-06,MNQ,1,1,2025-01-06 10:13:00,21822.0,2025-01-06 12:43:00,21779.0,21779.5,21907.0,stop,-86.0,1.58,-87.58,85.0,-1.03,151,vwap_liq_rejection_long,124.25,22.775,124.25,1.0,24.125939085999562,3.2873778964785743,74.24294789644773,False,False,1.631859209184637,21798.124060914,21604.716087845794,21822.25,long,24.125939085999562,a favor,a favor,a favor,a favor,mixta,alto,alto,medio,bajo,medio,alto,250.5,0.03293413173652695,1.0,alta,lateral,a favor del día
A_oos_2025,2025-01-08,MNQ,-1,1,2025-01-08 15:13:00,21321.0,2025-01-08 15:24:00,21357.5,21357.0,21249.0,stop,-73.0,1.58,-74.58,72.0,-1.036,12,vwap_liq_rejection_short,99.75,13.975,265.5,2.661654135338346,-4.739101243125333,0.15016947964613792,-0.8983222827264399,True,False,1.320542070975013,21325.989101243125,21340.07557776849,21321.25,short,4.739101243125333,en contra,a favor,a favor,a favor,en contra,medio,medio,alto,alto,bajo,medio,265.5,0.01224105461393597,-1.0,alta,lateral,a favor del día
A_oos_2025,2025-01-13,MNQ,-1,1,2025-01-13 10:25:00,20768.5,2025-01-13 10:39:00,20816.0,20815.5,20674.5,stop,-95.0,1.58,-96.58,94.0,-1.027,15,vwap_liq_rejection_short,139.75,22.05,154.25,1.1037567084078712,-5.551832864031894,1.069359810611786,-48.284231695146445,False,True,1.1712941345497647,20774.801832864032,20934.587938120352,20769.25,short,5.551832864031894,en contra,a favor,a favor,a favor,a favor,alto,alto,medio,bajo,bajo,bajo,263.25,0.7236467236467237,1.0,alta,tendencial,contra el día
A_oos_2025,2025-01-15,MNQ,1,1,2025-01-15 13:04:00,21356.0,2025-01-15 14:37:00,21433.0,21317.5,21433.0,target,154.0,1.58,152.42,77.0,1.979,94,vwap_liq_rejection_long,160.0,10.825,222.0,1.3875,29.80587091446432,0.3245411490497645,24.20446216671553,True,True,1.2411646798185463,21325.444129085536,21277.894078472513,21355.25,long,29.80587091446432,a favor,a favor,a favor,a favor,mixta,alto,medio,alto,medio,medio,bajo,266.25,0.5652582159624413,1.0,alta,tendencial,a favor del día
A_oos_2025,2025-01-16,MNQ,-1,1,2025-01-16 10:05:00,21369.0,2025-01-16 10:09:00,21415.0,21414.75,21277.5,stop,-92.0,1.58,-93.58,91.5,-1.023,5,vwap_liq_rejection_short,130.5,24.1,164.0,1.2567049808429118,-43.25008232088658,-12.880997308431688,2.814094087545527,False,True,1.1653911404335533,21412.500082320887,21395.72830265748,21369.25,short,43.25008232088658,a favor,en contra,a favor,a favor,a favor,alto,alto,alto,medio,alto,bajo,241.5,0.9472049689440993,-1.0,alta,tendencial,a favor del día
A_oos_2025,2025-01-16,MNQ,-1,1,2025-01-16 10:35:00,21373.0,2025-01-16 11:00:00,21417.5,21417.0,21285.0,stop,-89.0,1.58,-90.58,88.0,-1.029,26,vwap_liq_rejection_short,130.5,20.8125,164.0,1.2567049808429118,-30.37923276030415,-2.2261275447526714,-1.6791021278258995,False,False,1.3789725348416817,21404.129232760304,21394.049200529655,21373.75,short,30.37923276030415,a favor,a favor,a favor,a favor,mixta,alto,alto,alto,medio,medio,medio,241.5,0.9472049689440993,-1.0,alta,tendencial,a favor del día
A_oos_2025,2025-01-22,MNQ,1,1,2025-01-22 10:39:00,22039.5,2025-01-22 11:00:00,21996.0,21996.25,22126.0,stop,-87.0,1.58,-88.58,86.5,-1.024,22,vwap_liq_rejection_long,125.25,13.775,139.0,1.1097804391217565,52.07388347546657,3.7764146080298815,56.60367266759931,True,True,1.5403938595131028,21987.176116524533,21860.464158816383,22039.25,long,52.07388347546657,a favor,a favor,a favor,a favor,mixta,alto,medio,medio,medio,alto,alto,191.5,0.49216710182767626,1.0,media,mixto,a favor del día
A_oos_2025,2025-01-23,MNQ,-1,1,2025-01-23 10:03:00,21881.5,2025-01-23 10:35:00,21919.5,21919.25,21806.0,stop,-76.0,1.58,-77.58,75.5,-1.028,33,vwap_liq_rejection_short,52.25,12.95,52.25,1.0,-13.269450815998425,-0.73755642958713,-30.07128027078943,True,False,1.2420647309813717,21895.769450816,21986.102538618197,21882.5,short,13.269450815998425,a favor,a favor,a favor,a favor,en contra,bajo,medio,bajo,bajo,bajo,bajo,168.0,0.8988095238095238,1.0,baja,tendencial,contra el día
A_oos_2025,2025-01-23,MNQ,1,1,2025-01-23 15:15:00,21969.0,2025-01-23 15:50:00,21972.5,21938.75,22029.5,session_flatten,7.0,1.58,5.42,60.5,0.09,36,vwap_liq_rejection_long,52.25,7.4375,118.25,2.263157894736842,44.16711888329519,0.576033628469304,2.104611468173971,True,True,1.3263921985555598,21925.332881116705,21949.306504815886,21969.5,long,44.16711888329519,a favor,a favor,a favor,a favor,mixta,bajo,bajo,medio,alto,alto,medio,168.0,0.8988095238095238,1.0,baja,tendencial,a favor del día
A_oos_2025,2025-01-29,MNQ,-1,1,2025-01-29 10:05:00,21530.0,2025-01-29 10:10:00,21562.5,21562.0,21466.0,stop,-65.0,1.58,-66.58,64.0,-1.04,6,vwap_liq_rejection_short,112.75,22.4,112.75,1.0,-6.084332406397152,-1.5751902335432533,-8.632486061651434,False,False,1.2316608963446127,21536.834332406397,21553.605250976558,21530.75,short,6.084332406397152,a favor,a favor,a favor,a favor,mixta,medio,alto,bajo,bajo,bajo,bajo,238.75,0.30157068062827225,-1.0,media,mixto,a favor del día
A_oos_2025,2025-01-29,MNQ,-1,1,2025-01-29 10:27:00,21507.5,2025-01-29 13:03:00,21408.0,21557.25,21408.0,target,199.0,1.58,197.42,99.5,1.984,157,vwap_liq_rejection_short,112.75,20.0,112.75,1.0,-28.833028625416773,-1.0373126901431533,-5.459130576906318,False,True,1.2697644958829966,21535.833028625417,21549.888358936616,21507.0,short,28.833028625416773,a favor,a favor,a favor,a favor,a favor,medio,alto,bajo,bajo,medio,bajo,238.75,0.30157068062827225,-1.0,media,mixto,a favor del día
A_oos_2025,2025-01-29,MNQ,-1,1,2025-01-29 14:04:00,21455.0,2025-01-29 14:18:00,21390.5,21487.25,21390.5,target,129.0,1.58,127.42,64.5,1.976,15,vwap_liq_rejection_short,112.75,18.6125,238.75,2.117516629711752,-45.25262102267516,-1.4426698139941436,-7.367600879388192,False,True,2.733745108208779,21500.252621022675,21491.76016872576,21455.0,short,45.25262102267516,a favor,a favor,a favor,a favor,a favor,medio,alto,alto,alto,alto,alto,238.75,0.30157068062827225,-1.0,media,mixto,a favor del día
A_oos_2025,2025-01-29,MNQ,1,1,2025-01-29 14:59:00,21555.0,2025-01-29 15:04:00,21506.5,21507.0,21651.0,stop,-97.0,1.58,-98.58,96.0,-1.027,6,vwap_liq_rejection_long,112.75,36.375,238.75,2.117516629711752,59.35036668416433,2.0075586400416796,8.187489642408764,True,False,1.153136696574079,21495.399633315836,21484.306544145005,21554.75,long,59.35036668416433,a favor,a favor,a favor,a favor,a favor,medio,alto,alto,alto,alto,bajo,238.75,0.30157068062827225,-1.0,media,mixto,contra el día
A_oos_2025,2025-02-04,MNQ,1,1,2025-02-04 14:12:00,21658.5,2025-02-04 15:00:00,21611.0,21611.5,21752.5,stop,-95.0,1.58,-96.58,94.0,-1.027,49,vwap_liq_rejection_long,170.75,7.875,289.75,1.6969253294289897,57.09250177562353,0.891572263022681,8.137366114107863,True,True,1.7443991472491305,21600.407498224376,21614.327746056002,21657.5,long,57.09250177562353,a favor,a favor,a favor,a favor,mixta,alto,bajo,alto,alto,alto,alto,289.75,0.8498705780845557,1.0,alta,tendencial,a favor del día
A_oos_2025,2025-02-05,MNQ,1,1,2025-02-05 10:57:00,21600.0,2025-02-05 11:18:00,21568.5,21568.75,21662.5,stop,-63.0,1.58,-64.58,62.5,-1.033,22,vwap_liq_rejection_long,71.75,12.15,108.0,1.505226480836237,44.40922471216618,2.1786553742531396,-4.390404983150802,True,False,1.2810004945947855,21556.090775287834,21595.14020223042,21600.5,long,44.40922471216618,a favor,en contra,a favor,a favor,a favor,bajo,medio,bajo,alto,alto,medio,265.0,0.7952830188679245,1.0,alta,tendencial,a favor del día
A_oos_2025,2025-02-06,MNQ,1,1,2025-02-06 10:10:00,21801.5,2025-02-06 10:40:00,21763.5,21763.75,21877.0,stop,-76.0,1.58,-77.58,75.5,-1.028,31,vwap_liq_rejection_long,84.75,15.7875,84.75,1.0,19.251291281085287,0.8692644562506757,19.551925133964687,False,False,1.2624599354561574,21781.498708718915,21733.412874720267,21800.75,long,19.251291281085287,a favor,a favor,a favor,a favor,mixta,bajo,alto,bajo,bajo,bajo,bajo,170.25,0.5374449339207048,1.0,baja,tendencial,a favor del día
A_oos_2025,2025-02-06,MNQ,1,3,2025-02-06 13:12:00,21825.0,2025-02-06 13:12:00,21809.0,21809.25,21856.5,stop,-96.0,4.74,-100.74,94.5,-1.066,1,vwap_liq_rejection_long,84.75,6.875,111.5,1.3156342182890854,34.51998196171189,0.7534065029176418,10.783450215749326,True,False,1.3268446289272169,21790.230018038288,21785.408998044906,21824.75,long,34.51998196171189,a favor,a favor,a favor,a favor,a favor,bajo,bajo,bajo,medio,medio,medio,170.25,0.5374449339207048,1.0,baja,tendencial,a favor del día
A_oos_2025,2025-02-06,MNQ,1,1,2025-02-06 13:26:00,21833.0,2025-02-06 14:28:00,21801.0,21801.25,21896.5,stop,-64.0,1.58,-65.58,63.5,-1.033,63,vwap_liq_rejection_long,84.75,9.625,111.5,1.3156342182890854,41.54207426845096,0.6935480014144559,11.37184493858149,True,True,1.231653238398601,21791.20792573155,21790.006421765913,21832.75,long,41.54207426845096,a favor,a favor,a favor,a favor,mixta,bajo,medio,bajo,medio,alto,bajo,170.25,0.5374449339207048,1.0,baja,tendencial,a favor del día
A_oos_2025,2025-02-07,MNQ,-1,1,2025-02-07 10:41:00,21763.0,2025-02-07 10:53:00,21802.0,21801.5,21686.0,stop,-78.0,1.58,-79.58,77.0,-1.034,13,vwap_liq_rejection_short,98.25,21.8375,282.75,2.877862595419847,-58.41259304553023,-6.831258451878966,-20.451815362372145,True,False,1.4425818097764471,21821.16259304553,21807.771377996985,21762.75,short,58.41259304553023,a favor,a favor,a favor,a favor,en contra,medio,alto,alto,alto,alto,medio,414.75,0.729957805907173,-1.0,alta,tendencial,a favor del día
A_oos_2025,2025-02-10,MNQ,1,4,2025-02-10 13:17:00,21870.0,2025-02-10 14:02:00,21856.0,21856.5,21897.0,stop,-112.0,6.32,-118.32,108.0,-1.096,46,vwap_liq_rejection_long,66.75,4.8375,151.5,2.269662921348315,39.883586021307565,0.507182650238974,12.23865365772508,True,False,1.6345858188303304,21829.866413978692,21826.659443368822,21869.75,long,39.883586021307565,a favor,a favor,a favor,a favor,a favor,bajo,bajo,medio,alto,alto,alto,151.5,0.5610561056105611,1.0,baja,tendencial,a favor del día
A_oos_2025,2025-02-11,MNQ,1,1,2025-02-11 10:30:00,21840.0,2025-02-11 12:01:00,21783.5,21784.0,21952.0,stop,-113.0,1.58,-114.58,112.0,-1.023,92,vwap_liq_rejection_long,106.0,12.9,143.0,1.349056603773585,54.066924577484315,4.721061537406058,-8.708806678827386,True,False,2.089402467896957,21785.683075422516,21826.282310431405,21839.75,long,54.066924577484315,a favor,en contra,a favor,a favor,a favor,medio,medio,medio,medio,alto,alto,171.0,0.4766081871345029,1.0,baja,mixto,a favor del día
A_oos_2025,2025-02-11,MNQ,-1,2,2025-02-11 13:13:00,21752.0,2025-02-11 13:21:00,21776.5,21776.0,21704.0,stop,-98.0,3.16,-101.16,96.0,-1.054,9,vwap_liq_rejection_short,106.0,8.125,171.0,1.6132075471698113,-42.91360826755408,-0.8829004363215063,-10.659297275644349,False,True,2.9561707852439283,21794.913608267554,21796.858303773442,21752.0,short,42.91360826755408,a favor,a favor,a favor,a favor,a favor,medio,bajo,alto,alto,alto,alto,171.0,0.4766081871345029,1.0,baja,mixto,contra el día
A_oos_2025,2025-02-11,MNQ,1,1,2025-02-11 13:34:00,21799.5,2025-02-11 15:50:00,21780.5,21761.5,21875.5,session_flatten,-38.0,1.58,-39.58,76.0,-0.521,137,vwap_liq_rejection_long,106.0,6.9125,171.0,1.6132075471698113,5.202561213820445,-0.26988835696465685,-7.674514864476805,True,False,2.2126378321194613,21794.04743878618,21792.20974741075,21799.25,long,5.202561213820445,en contra,en contra,a favor,a favor,a favor,medio,bajo,alto,alto,bajo,alto,171.0,0.4766081871345029,1.0,baja,mixto,a favor del día
A_oos_2025,2025-02-12,MNQ,-1,1,2025-02-12 10:13:00,21592.0,2025-02-12 10:17:00,21636.0,21635.5,21505.0,stop,-88.0,1.58,-89.58,87.0,-1.03,5,vwap_liq_rejection_short,165.25,17.95,165.25,1.0,-35.06677023617158,-2.5133079889492365,-33.21067542186938,False,True,1.2305720237141484,21627.56677023617,21744.408808004955,21592.5,short,35.06677023617158,a favor,a favor,a favor,a favor,a favor,alto,alto,alto,bajo,medio,bajo,303.25,0.8318219291014015,1.0,alta,tendencial,contra el día
A_oos_2025,2025-02-14,MNQ,1,1,2025-02-14 10:09:00,22141.0,2025-02-14 12:31:00,22097.5,22098.0,22227.0,stop,-87.0,1.58,-88.58,86.0,-1.03,143,vwap_liq_rejection_long,54.0,13.025,54.75,1.0138888888888888,24.385361720673245,2.1099477606767323,21.190364042424335,True,False,1.2976723586437675,22116.114638279327,22060.343925575275,22140.5,long,24.385361720673245,a favor,a favor,a favor,a favor,a favor,bajo,medio,bajo,bajo,medio,medio,136.0,0.6856617647058824,1.0,baja,tendencial,a favor del día
A_oos_2025,2025-02-14,MNQ,1,2,2025-02-14 13:32:00,22167.0,2025-02-14 15:50:00,22197.5,22143.75,22213.5,session_flatten,122.0,3.16,118.84,93.0,1.278,139,vwap_liq_rejection_long,54.0,7.0125,87.5,1.6203703703703705,35.479136938585725,0.5909653747330594,11.071084911123762,False,True,2.260869565217391,22130.770863061414,22128.932090282615,22166.25,long,35.479136938585725,a favor,a favor,a favor,a favor,en contra,bajo,bajo,bajo,alto,medio,alto,136.0,0.6856617647058824,1.0,baja,tendencial,a favor del día
A_oos_2025,2025-02-17,MNQ,1,4,2025-02-17 10:20:00,22221.5,2025-02-17 11:03:00,22247.0,22208.75,22247.0,target,204.0,6.32,197.68,102.0,1.938,44,vwap_liq_rejection_long,50.25,5.4875,50.25,1.0,9.424423555341491,0.4725748328091868,8.418868120847037,True,False,1.293347224289329,22211.82557644466,22189.083879398328,22221.25,long,9.424423555341491,a favor,a favor,a favor,a favor,a favor,bajo,bajo,bajo,bajo,bajo,medio,60.25,0.0912863070539419,-1.0,baja,lateral,contra el día
A_oos_2025,2025-02-18,MNQ,-1,3,2025-02-18 10:17:00,22188.5,2025-02-18 10:28:00,22149.0,22208.25,22149.0,target,237.0,4.74,232.26,118.5,1.96,12,vwap_liq_rejection_short,103.25,18.0,119.5,1.1573849878934626,-21.05557951182709,-4.0103340728455805,-9.97817424641471,False,True,1.2925660489377042,22209.805579511827,22218.67604437694,22188.75,short,21.05557951182709,a favor,a favor,a favor,a favor,a favor,medio,alto,medio,medio,bajo,medio,165.0,0.2015151515151515,-1.0,baja,lateral,a favor del día
A_oos_2025,2025-02-18,MNQ,-1,2,2025-02-18 10:48:00,22143.0,2025-02-18 10:53:00,22173.0,22172.75,22083.5,stop,-120.0,3.16,-123.16,119.0,-1.035,6,vwap_liq_rejection_short,103.25,14.225,143.0,1.3849878934624698,-51.05586564721307,-3.2707117553982243,-15.832882548424095,False,False,1.6026525125033086,22193.805865647213,22202.341410143174,22142.75,short,51.05586564721307,a favor,a favor,a favor,a favor,mixta,medio,alto,medio,medio,alto,alto,165.0,0.2015151515151515,-1.0,baja,lateral,a favor del día
A_oos_2025,2025-02-18,MNQ,-1,2,2025-02-18 13:32:00,22151.5,2025-02-18 14:09:00,22103.0,22175.75,22103.0,target,194.0,3.16,190.84,97.0,1.967,38,vwap_liq_rejection_short,103.25,8.025,143.0,1.3849878934624698,-37.54577609581247,-0.6714226278563729,-3.659328301950154,False,True,2.3656067303579067,22189.295776095812,22187.068715021756,22151.75,short,37.54577609581247,a favor,a favor,a favor,a favor,a favor,medio,bajo,medio,medio,medio,alto,165.0,0.2015151515151515,-1.0,baja,lateral,a favor del día
A_oos_2025,2025-02-19,MNQ,-1,1,2025-02-19 10:04:00,22148.5,2025-02-19 10:46:00,22193.5,22193.25,22059.0,stop,-90.0,1.58,-91.58,89.5,-1.023,43,vwap_liq_rejection_short,67.0,14.9,74.5,1.1119402985074627,-37.41895546426167,-4.093538576846186,2.7294515670946566,False,True,1.4170292106898694,22185.91895546426,22174.974836548954,22148.5,short,37.41895546426167,a favor,en contra,a favor,a favor,a favor,bajo,alto,bajo,medio,medio,medio,181.75,0.2530949105914718,1.0,media,mixto,contra el día
A_oos_2025,2025-02-20,MNQ,-1,1,2025-02-20 10:48:00,22038.0,2025-02-20 12:21:00,22087.5,22087.25,21939.5,stop,-99.0,1.58,-100.58,98.5,-1.021,94,vwap_liq_rejection_short,211.0,16.3375,276.25,1.3092417061611374,-46.31518215732285,-1.550010631508485,-28.696410988741263,False,True,1.3279550648420937,22084.565182157323,22159.587766835608,22038.25,short,46.31518215732285,a favor,a favor,a favor,a favor,a favor,alto,alto,alto,medio,alto,medio,276.25,0.2497737556561086,-1.0,alta,lateral,a favor del día
A_oos_2025,2025-02-20,MNQ,-1,1,2025-02-20 13:25:00,22033.0,2025-02-20 13:59:00,22070.0,22069.5,21960.0,stop,-74.0,1.58,-75.58,73.0,-1.035,35,vwap_liq_rejection_short,211.0,9.1125,276.25,1.3092417061611374,-34.76881410153146,-0.31353606453194516,-9.696515406474646,False,False,1.6478720804385014,22068.01881410153,22078.7424213253,22033.25,short,34.76881410153146,a favor,a favor,a favor,a favor,mixta,alto,bajo,alto,medio,medio,alto,276.25,0.2497737556561086,-1.0,alta,lateral,a favor del día
A_oos_2025,2025-02-21,MNQ,-1,1,2025-02-21 10:15:00,22069.5,2025-02-21 10:34:00,21983.5,22112.5,21983.5,target,172.0,1.58,170.42,86.0,1.982,20,vwap_liq_rejection_short,117.25,23.275,153.0,1.304904051172708,-46.51769473103923,-8.785280052819871,-0.11264175357791828,False,True,1.2402430839669392,22116.26769473104,22101.38421142138,22069.75,short,46.51769473103923,a favor,a favor,a favor,a favor,a favor,alto,alto,medio,medio,alto,bajo,540.75,0.9454461396208969,-1.0,alta,tendencial,a favor del día
A_oos_2025,2025-02-24,MNQ,-1,1,2025-02-24 14:21:00,21578.5,2025-02-24 15:43:00,21516.0,21609.75,21516.0,target,125.0,1.58,123.42,62.5,1.975,83,vwap_liq_rejection_short,235.75,12.1625,365.0,1.5482502651113468,-5.952313254074397,0.16499480627680896,-3.059999609966326,False,True,1.466040321002153,21585.202313254074,21618.782346724096,21579.25,short,5.952313254074397,en contra,a favor,a favor,a favor,a favor,alto,medio,alto,alto,bajo,medio,386.75,0.8765352294764059,-1.0,alta,tendencial,a favor del día
A_oos_2025,2025-02-25,MNQ,-1,1,2025-02-25 14:14:00,21165.0,2025-02-25 14:40:00,21201.0,21200.5,21094.0,stop,-72.0,1.58,-73.58,71.0,-1.036,27,vwap_liq_rejection_short,191.5,13.625,412.0,2.151436031331593,-4.49161310710042,0.260815507175721,-0.3222480055010237,False,True,1.4539696901153585,21170.4916131071,21206.96492885905,21166.0,short,4.49161310710042,en contra,a favor,a favor,a favor,a favor,alto,medio,alto,alto,bajo,medio,412.0,0.5315533980582524,-1.0,alta,tendencial,a favor del día
A_oos_2025,2025-03-14,MNQ,1,1,2025-03-14 11:00:00,19793.5,2025-03-14 11:40:00,19886.5,19747.0,19886.5,target,186.0,1.58,184.42,93.0,1.983,41,vwap_liq_rejection_long,170.5,18.1625,189.75,1.1129032258064515,51.1193343141822,2.2786662912803877,37.11009433872459,True,False,1.7925478348439075,19740.380665685818,19639.87209933806,19791.5,long,51.1193343141822,a favor,a favor,a favor,a favor,a favor,alto,alto,alto,medio,alto,alto,311.75,0.8500400962309543,1.0,alta,tendencial,a favor del día
A_oos_2025,2025-03-18,MNQ,-1,2,2025-03-18 14:05:00,19687.5,2025-03-18 14:24:00,19718.5,19718.25,19626.0,stop,-124.0,3.16,-127.16,123.0,-1.034,20,vwap_liq_rejection_short,244.25,15.225,297.0,1.2159672466734903,-19.318454338306765,0.003141884422802832,-3.8775857045693556,True,False,1.1051239834356135,19707.568454338307,19726.715303087647,19688.25,short,19.318454338306765,en contra,a favor,a favor,a favor,en contra,alto,alto,alto,medio,bajo,bajo,297.0,0.6372053872053872,-1.0,alta,tendencial,a favor del día
A_oos_2025,2025-03-19,MNQ,1,1,2025-03-19 14:32:00,19898.5,2025-03-19 14:45:00,19977.5,19859.0,19977.5,target,158.0,1.58,156.42,79.0,1.98,14,vwap_liq_rejection_long,138.5,22.375,230.75,1.6660649819494584,52.756941990504856,1.6172723538111313,10.144576740462071,True,False,1.246033214270467,19845.243058009495,19851.09705582109,19898.0,long,52.756941990504856,a favor,a favor,a favor,a favor,a favor,alto,alto,alto,alto,alto,bajo,435.75,0.3482501434308663,1.0,alta,mixto,a favor del día
A_oos_2025,2025-03-24,MNQ,1,1,2025-03-24 10:14:00,20308.5,2025-03-24 12:07:00,20378.5,20273.5,20378.5,target,140.0,1.58,138.42,70.0,1.977,114,vwap_liq_rejection_long,109.75,16.8125,109.75,1.0,23.30424450319697,3.642190088983625,105.54279657746156,False,False,1.1147259897562154,20285.195755496803,20005.47797961163,20308.5,long,23.30424450319697,a favor,a favor,a favor,a favor,mixta,medio,alto,bajo,bajo,bajo,bajo,180.5,0.6897506925207756,1.0,media,tendencial,a favor del día
A_oos_2025,2025-03-24,MNQ,1,1,2025-03-24 14:45:00,20362.5,2025-03-24 15:50:00,20383.0,20315.75,20456.0,session_flatten,41.0,1.58,39.42,93.5,0.422,66,vwap_liq_rejection_long,109.75,11.1,151.75,1.3826879271070616,37.61633461238307,0.7718131782021374,5.968580165470485,True,False,2.2115453912124345,20324.383665387617,20315.906825124057,20362.0,long,37.61633461238307,a favor,a favor,a favor,a favor,a favor,medio,medio,medio,medio,medio,alto,180.5,0.6897506925207756,1.0,media,tendencial,a favor del día
A_oos_2025,2025-03-25,MNQ,1,1,2025-03-25 10:07:00,20404.0,2025-03-25 10:53:00,20489.0,20361.5,20489.0,target,170.0,1.58,168.42,85.0,1.981,47,vwap_liq_rejection_long,66.5,18.1625,82.5,1.2406015037593985,6.636392272488592,1.1184355528166634,11.513509386455553,True,False,1.1577401503583897,20396.36360772751,20362.636558764956,20403.0,long,6.636392272488592,a favor,a favor,a favor,a favor,a favor,bajo,alto,bajo,medio,bajo,bajo,134.0,0.6138059701492538,1.0,baja,tendencial,a favor del día
A_oos_2025,2025-03-25,MNQ,1,2,2025-03-25 13:04:00,20468.5,2025-03-25 13:18:00,20442.5,20442.75,20520.0,stop,-104.0,3.16,-107.16,103.0,-1.04,15,vwap_liq_rejection_long,66.5,7.925,134.0,2.0150375939849625,34.149287232514325,0.6188513054294162,2.869511754350242,True,False,1.8425948896055568,20433.350712767486,20435.71066934477,20467.5,long,34.149287232514325,a favor,a favor,a favor,a favor,a favor,bajo,bajo,medio,alto,medio,alto,134.0,0.6138059701492538,1.0,baja,tendencial,a favor del día
A_oos_2025,2025-03-25,MNQ,1,2,2025-03-25 14:22:00,20454.5,2025-03-25 14:32:00,20427.0,20427.5,20508.5,stop,-110.0,3.16,-113.16,108.0,-1.048,11,vwap_liq_rejection_long,66.5,8.575,134.0,2.0150375939849625,20.665729026331974,0.19145353264320875,-2.436558426641568,True,True,1.609015086150548,20433.084270973668,20432.97796434019,20453.75,long,20.665729026331974,a favor,en contra,a favor,a favor,mixta,bajo,bajo,medio,alto,bajo,alto,134.0,0.6138059701492538,1.0,baja,tendencial,a favor del día
A_oos_2025,2025-03-27,MNQ,1,1,2025-03-27 14:38:00,20071.0,2025-03-27 15:01:00,20036.5,20037.0,20139.0,stop,-69.0,1.58,-70.58,68.0,-1.038,24,vwap_liq_rejection_long,153.25,15.2625,261.25,1.704730831973899,1.4143621767507284,-0.15387472485963372,0.28699556870924425,False,True,1.4644392921546479,20069.58563782325,20065.478821656725,20071.0,long,1.4143621767507284,en contra,a favor,a favor,a favor,en contra,alto,alto,alto,alto,bajo,medio,261.25,0.06794258373205742,-1.0,alta,lateral,contra el día
A_oos_2025,2025-04-02,MNQ,1,1,2025-04-02 10:41:00,19590.0,2025-04-02 11:22:00,19662.0,19554.0,19662.0,target,144.0,1.58,142.42,72.0,1.978,42,vwap_liq_rejection_long,263.75,22.125,311.75,1.1819905213270143,58.517822205860284,7.344883542329626,17.257822230913007,True,False,1.259154431275429,19531.23217779414,19522.698200726616,19589.75,long,58.517822205860284,a favor,a favor,a favor,a favor,a favor,alto,alto,alto,medio,alto,bajo,573.0,0.7674520069808028,1.0,alta,tendencial,a favor del día
A_oos_2025,2025-04-03,MNQ,-1,1,2025-04-03 13:10:00,18875.0,2025-04-03 14:13:00,18786.0,18919.5,18786.0,target,178.0,1.58,176.42,89.0,1.982,64,vwap_liq_rejection_short,163.25,24.3375,353.75,2.1669218989280243,-27.876311674932367,-0.43420386354773655,-30.123361209072755,False,True,1.3193883210522146,18903.376311674932,18984.317023941712,18875.5,short,27.876311674932367,a favor,a favor,a favor,a favor,a favor,alto,alto,alto,alto,medio,medio,395.5,0.5353982300884956,-1.0,alta,tendencial,a favor del día
A_oos_2025,2025-04-14,MNQ,1,1,2025-04-14 10:49:00,19160.5,2025-04-14 10:58:00,19122.0,19122.25,19237.0,stop,-77.0,1.58,-78.58,76.5,-1.027,10,vwap_liq_rejection_long,268.25,25.3375,268.25,1.0,54.4365183124537,3.791968403318606,63.75167421229344,True,False,1.1052040636878915,19105.563481687546,18951.205318218905,19160.0,long,54.4365183124537,a favor,a favor,a favor,a favor,a favor,alto,alto,alto,bajo,alto,bajo,516.75,0.5921625544267054,-1.0,alta,tendencial,contra el día
A_oos_2025,2025-04-16,MNQ,-1,1,2025-04-16 10:16:00,18551.5,2025-04-16 10:25:00,18608.5,18608.0,18438.5,stop,-114.0,1.58,-115.58,113.0,-1.023,10,vwap_liq_rejection_short,145.0,23.4625,169.25,1.1672413793103449,-45.93580471619134,-4.429484793632582,-91.33530501254063,False,True,1.111987230032502,18597.93580471619,18830.1231121401,18552.0,short,45.93580471619134,a favor,a favor,a favor,a favor,a favor,alto,alto,alto,medio,alto,bajo,619.0,0.2964458804523425,-1.0,alta,mixto,a favor del día
A_oos_2025,2025-04-16,MNQ,-1,3,2025-04-16 13:04:00,18565.5,2025-04-16 13:13:00,18530.5,18583.0,18530.5,target,210.0,4.74,205.26,105.0,1.955,10,vwap_liq_rejection_short,145.0,15.1625,225.5,1.5551724137931036,-44.41032676452596,-1.2300130990734033,-25.706225916619587,False,True,1.2413625304136253,18610.160326764526,18645.0077901797,18565.75,short,44.41032676452596,a favor,a favor,a favor,a favor,a favor,alto,alto,alto,alto,alto,bajo,619.0,0.2964458804523425,-1.0,alta,mixto,a favor del día
A_oos_2025,2025-04-28,MNQ,-1,1,2025-04-28 10:25:00,19487.0,2025-04-28 10:25:00,19525.0,19524.75,19411.5,stop,-76.0,1.58,-77.58,75.5,-1.028,1,vwap_liq_rejection_short,158.25,21.575,189.75,1.1990521327014219,-38.291491394211334,-2.4908652105004876,2.020895731755445,False,False,1.554465209130048,19525.04149139421,19493.318583995617,19486.75,short,38.291491394211334,a favor,en contra,a favor,a favor,mixta,alto,alto,alto,medio,medio,alto,365.0,0.021917808219178082,-1.0,alta,lateral,a favor del día
A_oos_2025,2025-05-01,MNQ,1,2,2025-05-01 13:36:00,20012.5,2025-05-01 13:41:00,19984.5,19985.0,20067.5,stop,-112.0,3.16,-115.16,110.0,-1.047,6,vwap_liq_rejection_long,109.5,11.0,267.25,2.4406392694063928,27.69904649817545,0.3693759059715376,19.972633434728778,True,False,1.3742223201013049,19984.550953501825,19953.11528408456,20012.25,long,27.69904649817545,a favor,a favor,a favor,a favor,a favor,medio,medio,alto,alto,medio,medio,267.25,0.372310570626754,-1.0,alta,mixto,contra el día
A_oos_2025,2025-05-01,MNQ,1,1,2025-05-01 14:10:00,20025.0,2025-05-01 15:11:00,19980.5,19980.75,20113.5,stop,-89.0,1.58,-90.58,88.5,-1.024,62,vwap_liq_rejection_long,109.5,12.7375,267.25,2.4406392694063928,40.255443420766824,0.246896441320132,6.694521085362794,True,False,1.2924559739560637,19984.244556579233,19961.840848467335,20024.5,long,40.255443420766824,a favor,a favor,a favor,a favor,a favor,medio,medio,alto,alto,alto,medio,267.25,0.372310570626754,-1.0,alta,mixto,contra el día
A_oos_2025,2025-05-02,MNQ,1,1,2025-05-02 10:04:00,20105.0,2025-05-02 12:02:00,20207.0,20054.0,20207.0,target,204.0,1.58,202.42,102.0,1.985,119,vwap_liq_rejection_long,105.5,27.575,105.5,1.0,24.70697343570282,-1.2628889492843882,22.433857645675744,False,True,1.5101313076908789,20079.293026564297,20013.89592226187,20104.0,long,24.70697343570282,en contra,a favor,a favor,a favor,en contra,medio,alto,bajo,bajo,medio,medio,257.5,0.38058252427184464,1.0,alta,mixto,a favor del día
A_oos_2025,2025-05-05,MNQ,-1,1,2025-05-05 10:36:00,20018.0,2025-05-05 10:40:00,20072.5,20072.25,19909.5,stop,-109.0,1.58,-110.58,108.5,-1.019,5,vwap_liq_rejection_short,86.0,19.825,125.75,1.4622093023255813,-29.619029503428465,-0.19884523657674436,-26.3582809775653,False,True,1.3558242346256257,20048.11902950343,20134.016780738715,20018.5,short,29.619029503428465,a favor,a favor,a favor,a favor,a favor,bajo,alto,medio,alto,medio,medio,206.0,0.19053398058252427,1.0,media,lateral,contra el día
A_oos_2025,2025-05-06,MNQ,1,2,2025-05-06 14:48:00,19932.0,2025-05-06 14:52:00,19910.0,19910.5,19975.0,stop,-88.0,3.16,-91.16,86.0,-1.06,5,vwap_liq_rejection_long,117.75,10.2,288.75,2.4522292993630574,50.843305693240836,0.842937213343248,5.727644938851881,True,False,1.194764515046426,19881.15669430676,19905.91816555501,19932.0,long,50.843305693240836,a favor,a favor,a favor,a favor,a favor,alto,medio,alto,alto,alto,bajo,288.75,0.43722943722943725,1.0,alta,mixto,a favor del día
A_oos_2025,2025-05-06,MNQ,1,2,2025-05-06 14:54:00,19929.5,2025-05-06 15:50:00,19956.0,19906.0,19976.5,session_flatten,106.0,3.16,102.84,94.0,1.094,57,vwap_liq_rejection_long,117.75,11.1625,288.75,2.4522292993630574,46.93309375471654,0.7188382265849214,6.700732120923931,True,True,1.1723874070835156,19881.566906245283,19906.978686868286,19928.5,long,46.93309375471654,a favor,a favor,a favor,a favor,mixta,alto,medio,alto,alto,alto,bajo,288.75,0.43722943722943725,1.0,alta,mixto,a favor del día
A_oos_2025,2025-05-07,MNQ,1,2,2025-05-07 10:08:00,19934.5,2025-05-07 10:51:00,19907.5,19907.75,19988.0,stop,-108.0,3.16,-111.16,107.0,-1.039,44,vwap_liq_rejection_long,84.75,22.225,86.75,1.0235988200589972,28.205289561945392,6.595926978683565,-1.872351433703443,True,False,1.1236557885651637,19905.544710438055,19919.022702092876,19933.75,long,28.205289561945392,a favor,en contra,a favor,a favor,a favor,bajo,alto,bajo,bajo,medio,bajo,376.5,0.16600265604249667,1.0,alta,lateral,a favor del día
A_oos_2025,2025-05-07,MNQ,1,2,2025-05-07 13:25:00,19901.5,2025-05-07 13:36:00,19878.5,19878.75,19947.0,stop,-92.0,3.16,-95.16,91.0,-1.046,12,vwap_liq_rejection_long,84.75,9.4125,193.0,2.2772861356932155,25.764674218145956,0.5648731165783829,9.705237535512424,True,True,1.3817093957630362,19874.735325781854,19874.512553753055,19900.5,long,25.764674218145956,a favor,a favor,a favor,a favor,mixta,bajo,bajo,alto,alto,medio,medio,376.5,0.16600265604249667,1.0,alta,lateral,a favor del día
A_oos_2025,2025-05-07,MNQ,-1,1,2025-05-07 13:52:00,19870.5,2025-05-07 14:07:00,19783.5,19914.0,19783.5,target,174.0,1.58,172.42,87.0,1.982,16,vwap_liq_rejection_short,84.75,10.625,193.0,2.2772861356932155,-4.005404952698882,-0.09593544631934492,2.0435289835186268,False,True,1.1286821705426358,19875.0054049527,19876.027133849035,19871.0,short,4.005404952698882,a favor,en contra,a favor,a favor,a favor,bajo,medio,alto,alto,bajo,bajo,376.5,0.16600265604249667,1.0,alta,lateral,contra el día
A_oos_2025,2025-05-14,MNQ,1,1,2025-05-14 10:15:00,21346.0,2025-05-14 11:05:00,21295.0,21295.5,21447.0,stop,-102.0,1.58,-103.58,101.0,-1.026,51,vwap_liq_rejection_long,132.0,23.4875,132.0,1.0,11.409748161764583,-0.7680781270792068,2.8523147273808718,True,False,1.150520557614258,21334.090251838235,21310.622437483114,21345.5,long,11.409748161764583,en contra,a favor,a favor,a favor,a favor,alto,alto,medio,bajo,bajo,bajo,147.0,0.5,1.0,baja,tendencial,a favor del día
A_oos_2025,2025-05-14,MNQ,-1,1,2025-05-14 13:18:00,21326.0,2025-05-14 13:52:00,21367.0,21366.75,21244.5,stop,-82.0,1.58,-83.58,81.5,-1.026,35,vwap_liq_rejection_short,132.0,10.825,147.0,1.1136363636363635,-21.058955414500815,-0.04857821496625547,0.5498151871179289,False,True,2.0760820167348357,21346.8089554145,21357.06203520493,21325.75,short,21.058955414500815,a favor,en contra,a favor,a favor,a favor,alto,medio,medio,medio,bajo,alto,147.0,0.5,1.0,baja,tendencial,contra el día
A_oos_2025,2025-05-14,MNQ,1,3,2025-05-14 14:07:00,21369.5,2025-05-14 14:11:00,21350.0,21350.5,21407.5,stop,-117.0,4.74,-121.74,114.0,-1.068,5,vwap_liq_rejection_long,132.0,9.65,147.0,1.1136363636363635,24.297080256463232,0.27506178147450555,0.7222767323437438,True,False,1.5652336332223016,21344.702919743537,21350.159218644043,21369.0,long,24.297080256463232,a favor,a favor,a favor,a favor,a favor,alto,medio,medio,medio,medio,alto,147.0,0.5,1.0,baja,tendencial,a favor del día
A_oos_2025,2025-05-15,MNQ,-1,1,2025-05-15 10:18:00,21293.0,2025-05-15 11:01:00,21337.5,21337.0,21205.0,stop,-89.0,1.58,-90.58,88.0,-1.029,44,vwap_liq_rejection_short,91.25,20.125,98.75,1.082191780821918,-9.48136808765048,-0.5968104739840783,-12.763333527178474,False,False,1.333002649819212,21301.98136808765,21337.67194280277,21292.5,short,9.48136808765048,a favor,a favor,a favor,a favor,mixta,medio,alto,bajo,bajo,bajo,medio,281.5,0.33570159857904086,1.0,alta,mixto,contra el día
A_oos_2025,2025-05-16,MNQ,1,1,2025-05-16 10:09:00,21438.0,2025-05-16 10:35:00,21388.5,21389.0,21536.0,stop,-99.0,1.58,-100.58,98.0,-1.026,27,vwap_liq_rejection_long,95.0,20.5,95.0,1.0,11.339211913924373,-0.6977182585251285,4.392937336622708,False,False,1.3422743783179658,21426.410788086076,21413.91227466633,21437.75,long,11.339211913924373,en contra,a favor,a favor,a favor,mixta,medio,alto,bajo,bajo,bajo,medio,188.75,0.10463576158940398,1.0,media,lateral,a favor del día
A_oos_2025,2025-05-16,MNQ,1,3,2025-05-16 13:15:00,21448.5,2025-05-16 14:52:00,21490.0,21427.75,21490.0,target,249.0,4.74,244.26,124.5,1.962,98,vwap_liq_rejection_long,95.0,8.05,163.75,1.7236842105263157,34.293679530208465,0.5213831327710068,3.972910794080235,True,False,1.628551341962698,21413.45632046979,21421.75353429759,21447.75,long,34.293679530208465,a favor,a favor,a favor,a favor,a favor,medio,bajo,alto,alto,medio,alto,188.75,0.10463576158940398,1.0,media,lateral,a favor del día
A_oos_2025,2025-05-20,MNQ,1,5,2025-05-20 13:02:00,21464.5,2025-05-20 13:20:00,21453.0,21453.25,21487.0,stop,-115.0,7.9,-122.9,112.5,-1.092,19,vwap_liq_rejection_long,85.75,7.8875,118.75,1.3848396501457727,49.437784612986434,1.1059430835957755,8.099291472284676,True,False,1.451929912599841,21414.312215387014,21436.11015208059,21463.75,long,49.437784612986434,a favor,a favor,a favor,a favor,a favor,bajo,bajo,medio,medio,alto,medio,175.75,0.14509246088193456,1.0,media,lateral,a favor del día
A_oos_2025,2025-05-21,MNQ,1,2,2025-05-21 10:28:00,21398.5,2025-05-21 10:35:00,21375.5,21376.0,21443.5,stop,-92.0,3.16,-95.16,90.0,-1.057,8,vwap_liq_rejection_long,131.75,15.875,167.25,1.269449715370019,28.0284047776222,3.1263399270719674,0.7702215442004672,False,False,1.5369264910801839,21370.471595222378,21390.38245087291,21398.5,long,28.0284047776222,a favor,a favor,a favor,a favor,mixta,alto,alto,alto,medio,medio,medio,486.75,0.21263482280431434,-1.0,alta,lateral,contra el día
A_oos_2025,2025-05-21,MNQ,1,1,2025-05-21 10:54:00,21416.0,2025-05-21 11:09:00,21500.0,21374.0,21500.0,target,168.0,1.58,166.42,84.0,1.981,16,vwap_liq_rejection_long,131.75,16.2625,167.25,1.269449715370019,39.05251970126119,2.2920310061199416,1.2037571211949398,True,False,1.119404128798909,21376.94748029874,21391.48709042287,21416.0,long,39.05251970126119,a favor,a favor,a favor,a favor,a favor,alto,alto,alto,medio,medio,bajo,486.75,0.21263482280431434,-1.0,alta,lateral,contra el día
A_oos_2025,2025-05-22,MNQ,1,1,2025-05-22 13:46:00,21289.5,2025-05-22 15:46:00,21248.0,21248.25,21372.0,stop,-83.0,1.58,-84.58,82.5,-1.025,121,vwap_liq_rejection_long,177.5,11.825,216.5,1.2197183098591549,50.69442198435354,0.5755366731900722,3.3483606348308967,True,False,1.860667996011964,21237.555578015646,21247.73529969153,21288.25,long,50.69442198435354,a favor,a favor,a favor,a favor,a favor,alto,medio,alto,medio,alto,alto,224.0,0.030133928571428572,1.0,media,lateral,a favor del día
A_oos_2025,2025-05-28,MNQ,-1,1,2025-05-28 10:23:00,21446.5,2025-05-28 12:38:00,21481.5,21481.25,21377.0,stop,-70.0,1.58,-71.58,69.5,-1.03,136,vwap_liq_rejection_short,113.25,14.25,121.0,1.0684326710816776,-52.27551502551432,-5.049710984050762,5.260750228364486,False,True,2.0226789777535403,21499.025515025514,21458.322685412575,21446.75,short,52.27551502551432,a favor,en contra,a favor,a favor,a favor,medio,alto,medio,bajo,alto,alto,215.75,0.5619930475086906,-1.0,media,tendencial,a favor del día
A_oos_2025,2025-05-29,MNQ,-1,1,2025-05-29 13:27:00,21413.5,2025-05-29 14:21:00,21334.0,21453.25,21334.0,target,159.0,1.58,157.42,79.5,1.98,55,vwap_liq_rejection_short,196.25,14.2125,380.75,1.9401273885350319,-51.22719089410748,-0.9310247608991631,0.3601240464631701,False,True,1.3393713372402771,21464.977190894107,21445.724483572078,21413.75,short,51.22719089410748,a favor,en contra,a favor,a favor,a favor,alto,medio,alto,alto,alto,medio,380.75,0.6887721602101117,-1.0,alta,tendencial,a favor del día
A_oos_2025,2025-05-30,MNQ,1,2,2025-05-30 10:49:00,21382.5,2025-05-30 10:54:00,21352.0,21352.5,21442.5,stop,-122.0,3.16,-125.16,120.0,-1.043,6,vwap_liq_rejection_long,156.0,15.1625,164.75,1.0560897435897436,49.47536996537747,4.73223748415694,2.5692419302831695,True,True,1.1338007806852681,21332.274630034623,21369.381213054607,21381.75,long,49.47536996537747,a favor,a favor,a favor,a favor,mixta,alto,alto,alto,bajo,alto,bajo,361.75,0.0691085003455425,1.0,alta,lateral,a favor del día
A_oos_2025,2025-05-30,MNQ,1,1,2025-05-30 15:04:00,21318.0,2025-05-30 15:38:00,21397.5,21278.25,21397.5,target,159.0,1.58,157.42,79.5,1.98,35,vwap_liq_rejection_long,156.0,12.5125,328.0,2.1025641025641026,51.54645415192499,0.7528359174939396,12.733270100619848,True,False,1.6334593892871254,21265.953545848075,21250.944091773294,21317.5,long,51.54645415192499,a favor,a favor,a favor,a favor,a favor,alto,medio,alto,alto,alto,alto,361.75,0.0691085003455425,1.0,alta,lateral,a favor del día
A_oos_2025,2025-06-03,MNQ,1,3,2025-06-03 10:47:00,21619.5,2025-06-03 10:59:00,21657.0,21600.75,21657.0,target,225.0,4.74,220.26,112.5,1.958,13,vwap_liq_rejection_long,96.0,11.375,128.75,1.3411458333333333,34.47291305824547,1.876941120121046,23.55640781940383,False,True,1.225459547330249,21584.777086941755,21542.817974963036,21619.25,long,34.47291305824547,a favor,a favor,a favor,a favor,en contra,medio,medio,medio,medio,medio,bajo,249.75,0.7037037037037037,1.0,alta,tendencial,a favor del día
A_oos_2025,2025-06-04,MNQ,1,2,2025-06-04 13:37:00,21783.0,2025-06-04 13:41:00,21761.5,21762.0,21825.0,stop,-86.0,3.16,-89.16,84.0,-1.061,5,vwap_liq_rejection_long,76.75,5.975,152.5,1.986970684039088,42.32333255355843,0.7022205978864804,8.962650485744234,True,True,2.145110410094637,21740.17666744644,21747.447298666313,21782.5,long,42.32333255355843,a favor,a favor,a favor,a favor,mixta,bajo,bajo,medio,alto,alto,alto,161.75,0.26120556414219476,1.0,baja,mixto,a favor del día
A_oos_2025,2025-06-04,MNQ,1,2,2025-06-04 14:15:00,21791.5,2025-06-04 15:41:00,21768.5,21769.0,21836.5,stop,-92.0,3.16,-95.16,90.0,-1.057,87,vwap_liq_rejection_long,76.75,6.7875,158.5,2.0651465798045603,48.525024106591445,0.9801073924390948,9.164503857464297,True,False,1.18964712639552,21743.22497589341,21758.288409764045,21791.75,long,48.525024106591445,a favor,a favor,a favor,a favor,a favor,bajo,bajo,medio,alto,alto,bajo,161.75,0.26120556414219476,1.0,baja,mixto,a favor del día
A_oos_2025,2025-06-05,MNQ,-1,1,2025-06-05 10:11:00,21705.5,2025-06-05 10:24:00,21765.5,21765.25,21586.0,stop,-120.0,1.58,-121.58,119.5,-1.017,14,vwap_liq_rejection_short,148.25,22.1125,148.25,1.0,-48.85186475868613,-4.279223686808109,-9.899650204257341,False,False,1.1826288826634819,21754.601864758686,21766.00919583593,21705.75,short,48.85186475868613,a favor,a favor,a favor,a favor,mixta,alto,alto,medio,bajo,alto,bajo,432.75,0.5638359329867129,-1.0,alta,tendencial,a favor del día
A_oos_2025,2025-06-05,MNQ,-1,1,2025-06-05 13:57:00,21743.5,2025-06-05 14:17:00,21649.0,21790.75,21649.0,target,189.0,1.58,187.42,94.5,1.983,21,vwap_liq_rejection_short,148.25,10.7875,276.25,1.863406408094435,-49.58228725313893,-0.6275681262923172,-8.372853703633155,False,True,2.153574580759047,21793.58228725314,21797.94749055506,21744.0,short,49.58228725313893,a favor,a favor,a favor,a favor,a favor,alto,medio,alto,alto,alto,alto,432.75,0.5638359329867129,-1.0,alta,tendencial,a favor del día
A_oos_2025,2025-06-06,MNQ,1,2,2025-06-06 11:00:00,21833.5,2025-06-06 11:18:00,21809.0,21809.5,21881.5,stop,-98.0,3.16,-101.16,96.0,-1.054,19,vwap_liq_rejection_long,95.5,10.8125,99.75,1.044502617801047,13.736062810061412,0.6379227941288264,17.729472889663157,True,False,1.2069740484019775,21819.26393718994,21769.183129573143,21833.0,long,13.736062810061412,a favor,a favor,a favor,a favor,a favor,medio,medio,bajo,bajo,bajo,bajo,158.5,0.02996845425867508,1.0,baja,lateral,a favor del día
A_oos_2025,2025-06-06,MNQ,1,2,2025-06-06 13:47:00,21818.5,2025-06-06 14:31:00,21867.0,21794.25,21867.0,target,194.0,3.16,190.84,97.0,1.967,45,vwap_liq_rejection_long,95.5,7.9625,148.75,1.557591623036649,13.236118914210238,0.05869100529525895,4.466628522724932,True,False,1.321323986156713,21805.26388108579,21785.320545459028,21818.5,long,13.236118914210238,a favor,a favor,a favor,a favor,a favor,medio,bajo,medio,alto,bajo,medio,158.5,0.02996845425867508,1.0,baja,lateral,a favor del día
A_oos_2025,2025-06-06,MNQ,1,1,2025-06-06 14:35:00,21868.5,2025-06-06 14:43:00,21836.5,21837.0,21931.5,stop,-64.0,1.58,-65.58,63.0,-1.041,9,vwap_liq_rejection_long,95.5,10.15,158.5,1.6596858638743455,58.69268242306862,1.3978814948204672,15.59651411663799,True,True,2.100507870591206,21809.05731757693,21807.331085589896,21867.75,long,58.69268242306862,a favor,a favor,a favor,a favor,mixta,medio,medio,medio,alto,alto,alto,158.5,0.02996845425867508,1.0,baja,lateral,a favor del día
A_oos_2025,2025-06-09,MNQ,1,1,2025-06-09 10:11:00,21822.5,2025-06-09 15:50:00,21833.0,21782.5,21902.5,session_flatten,21.0,1.58,19.42,80.0,0.243,340,vwap_liq_rejection_long,69.75,13.3875,77.5,1.1111111111111112,30.331125142045494,3.486438355728751,-2.6975612272253784,True,False,1.7577158217370636,21792.418874857955,21808.531627575187,21822.75,long,30.331125142045494,a favor,en contra,a favor,a favor,a favor,bajo,medio,bajo,medio,medio,alto,142.25,0.23550087873462214,1.0,baja,lateral,a favor del día
A_oos_2025,2025-06-10,MNQ,1,4,2025-06-10 10:39:00,21873.5,2025-06-10 10:56:00,21858.5,21858.75,21903.0,stop,-120.0,6.32,-126.32,118.0,-1.071,18,vwap_liq_rejection_long,75.25,9.45,75.25,1.0,12.55155988461047,1.1313530924599036,4.181167854152591,True,False,1.147187375830164,21860.94844011539,21859.41798762404,21873.5,long,12.55155988461047,a favor,a favor,a favor,a favor,a favor,bajo,bajo,bajo,bajo,bajo,bajo,249.25,0.4954864593781344,1.0,alta,mixto,a favor del día
A_oos_2025,2025-06-10,MNQ,1,2,2025-06-10 13:12:00,21916.0,2025-06-10 13:29:00,21893.0,21893.5,21961.0,stop,-92.0,3.16,-95.16,90.0,-1.057,18,vwap_liq_rejection_long,75.25,6.25,176.75,2.3488372093023258,55.85216846205731,1.1053204099589493,8.962243794037931,True,False,2.390737549162579,21859.897831537943,21879.517790338883,21915.75,long,55.85216846205731,a favor,a favor,a favor,a favor,a favor,bajo,bajo,alto,alto,alto,alto,249.25,0.4954864593781344,1.0,alta,mixto,a favor del día
A_oos_2025,2025-06-11,MNQ,1,1,2025-06-11 10:11:00,22000.5,2025-06-11 11:01:00,22065.5,21968.0,22065.5,target,130.0,1.58,128.42,65.0,1.976,51,vwap_liq_rejection_long,109.75,15.9125,109.75,1.0,23.60635360354354,2.7634489053016296,14.232710002183012,True,False,1.3198165847190764,21976.143646396456,21937.624222123402,21999.75,long,23.60635360354354,a favor,a favor,a favor,a favor,a favor,medio,alto,bajo,bajo,bajo,medio,276.5,0.5054249547920434,-1.0,alta,tendencial,contra el día
A_oos_2025,2025-06-11,MNQ,1,1,2025-06-11 13:11:00,22015.0,2025-06-11 13:44:00,21966.5,21966.75,22111.5,stop,-97.0,1.58,-98.58,96.5,-1.022,34,vwap_liq_rejection_long,109.75,9.55,159.5,1.4533029612756265,20.299476343039714,0.11046823720243992,-0.9027869083511177,True,False,1.249562366720774,21995.20052365696,21985.64564580981,22015.5,long,20.299476343039714,a favor,en contra,a favor,a favor,a favor,medio,medio,medio,alto,bajo,bajo,276.5,0.5054249547920434,-1.0,alta,tendencial,contra el día
A_oos_2025,2025-06-12,MNQ,1,1,2025-06-12 10:09:00,22117.0,2025-06-12 15:50:00,22128.0,22064.5,22222.0,session_flatten,22.0,1.58,20.42,105.0,0.194,333,vwap_liq_rejection_long,73.5,14.325,84.75,1.153061224489796,23.843098591551097,5.1958697291665885,46.134847809022176,True,False,9.42350332594235,22092.40690140845,21961.21874171127,22116.25,long,23.843098591551097,a favor,a favor,a favor,a favor,a favor,bajo,alto,bajo,medio,medio,alto,158.75,0.647244094488189,1.0,baja,tendencial,a favor del día
A_oos_2025,2025-06-16,MNQ,1,1,2025-06-16 13:27:00,22190.0,2025-06-16 14:49:00,22147.5,22147.75,22274.5,stop,-85.0,1.58,-86.58,84.5,-1.025,83,vwap_liq_rejection_long,156.25,8.625,212.75,1.3616,32.45154829008243,0.46952258027522475,5.921477641688398,True,True,1.94734538177725,22156.798451709918,22149.034334999706,22189.25,long,32.45154829008243,a favor,a favor,a favor,a favor,mixta,alto,bajo,alto,medio,medio,alto,212.75,0.6063454759106933,1.0,media,tendencial,a favor del día
A_oos_2025,2025-06-18,MNQ,1,2,2025-06-18 10:04:00,22006.5,2025-06-18 10:19:00,22060.5,21979.5,22060.5,target,216.0,3.16,212.84,108.0,1.971,16,vwap_liq_rejection_long,99.25,13.4625,99.25,1.0,26.18937654682668,8.522986444793787,-2.610713959842542,True,False,1.6254492294572698,21979.810623453173,21992.77074539255,22006.0,long,26.18937654682668,a favor,en contra,a favor,a favor,a favor,medio,medio,bajo,bajo,medio,alto,215.75,0.2526071842410197,-1.0,media,mixto,contra el día
A_oos_2025,2025-06-18,MNQ,1,1,2025-06-18 14:02:00,22060.0,2025-06-18 14:03:00,22006.0,22006.25,22167.5,stop,-108.0,1.58,-109.58,107.5,-1.019,2,vwap_liq_rejection_long,99.25,12.5,172.25,1.7355163727959697,32.33227295948018,0.31407194188432186,-7.632827636494767,True,False,3.4849102773246328,22026.41772704052,22026.12551842382,22058.75,long,32.33227295948018,a favor,en contra,a favor,a favor,a favor,medio,medio,alto,alto,medio,alto,215.75,0.2526071842410197,-1.0,media,mixto,contra el día
A_oos_2025,2025-06-18,MNQ,1,1,2025-06-18 14:35:00,22049.0,2025-06-18 14:36:00,21994.5,21994.75,22157.5,stop,-109.0,1.58,-110.58,108.5,-1.019,2,vwap_liq_rejection_long,99.25,16.8625,172.25,1.7355163727959697,24.49820809510493,-0.3567926629402791,-4.771093556020787,True,False,1.554358832734972,22023.751791904895,22021.106257561867,22048.25,long,24.49820809510493,en contra,en contra,a favor,a favor,a favor,medio,alto,alto,alto,medio,alto,215.75,0.2526071842410197,-1.0,media,mixto,contra el día
A_oos_2025,2025-06-18,MNQ,1,1,2025-06-18 14:40:00,22037.5,2025-06-18 14:52:00,21992.5,21993.0,22126.5,stop,-90.0,1.58,-91.58,89.0,-1.029,13,vwap_liq_rejection_long,99.25,19.9875,172.25,1.7355163727959697,12.820183714498853,-0.04746410232837661,-3.2181157254635764,True,True,1.218452870055171,22023.6798162855,22021.204018988174,22036.5,long,12.820183714498853,en contra,en contra,a favor,a favor,mixta,medio,alto,alto,alto,bajo,bajo,215.75,0.2526071842410197,-1.0,media,mixto,contra el día
A_oos_2025,2025-06-19,MNQ,-1,1,2025-06-19 10:35:00,21697.5,2025-06-19 10:56:00,21731.0,21730.75,21631.0,stop,-67.0,1.58,-68.58,66.5,-1.031,22,vwap_liq_rejection_short,136.75,8.475,136.75,1.0,-9.745371597007761,0.679473317864904,-51.90513063958497,True,False,1.4596175948176784,21708.245371597008,21858.54380739887,21698.5,short,9.745371597007761,en contra,a favor,a favor,a favor,en contra,alto,bajo,medio,bajo,bajo,medio,136.75,0.5484460694698354,-1.0,baja,tendencial,a favor del día
A_oos_2025,2025-06-24,MNQ,1,1,2025-06-24 10:19:00,22317.0,2025-06-24 13:45:00,22421.5,22264.75,22421.5,target,209.0,1.58,207.42,104.5,1.985,207,vwap_liq_rejection_long,73.25,15.6,73.25,1.0,16.328853579656425,-1.544535308064951,59.308239012909326,False,True,1.155077967762824,22300.421146420344,22129.804737408376,22316.75,long,16.328853579656425,en contra,a favor,a favor,a favor,en contra,bajo,alto,bajo,bajo,bajo,bajo,187.75,0.6857523302263648,1.0,media,tendencial,a favor del día
A_oos_2025,2025-06-25,MNQ,1,1,2025-06-25 10:47:00,22523.0,2025-06-25 10:51:00,22481.0,22481.25,22606.5,stop,-84.0,1.58,-85.58,83.5,-1.025,5,vwap_liq_rejection_long,62.5,12.1,85.5,1.368,15.451580342283705,-0.2024118844565237,12.719297615763935,True,False,1.6124436915258151,22507.048419657716,22458.517262595855,22522.5,long,15.451580342283705,en contra,a favor,a favor,a favor,a favor,bajo,medio,bajo,medio,bajo,alto,160.0,0.278125,-1.0,baja,mixto,contra el día
A_oos_2025,2025-06-27,MNQ,1,1,2025-06-27 10:40:00,22811.5,2025-06-27 10:53:00,22762.0,22762.5,22909.5,stop,-99.0,1.58,-100.58,98.0,-1.026,14,vwap_liq_rejection_long,88.0,12.5625,141.75,1.6107954545454546,46.984775714088755,3.179093133112474,28.200688479613746,False,True,1.9498841206389697,22764.26522428591,22710.94952504986,22811.25,long,46.984775714088755,a favor,a favor,a favor,a favor,en contra,medio,medio,medio,alto,alto,alto,223.75,0.2111731843575419,1.0,media,lateral,a favor del día
A_oos_2025,2025-06-27,MNQ,-1,2,2025-06-27 14:14:00,22718.5,2025-06-27 14:30:00,22669.0,22743.25,22669.0,target,198.0,3.16,194.84,99.0,1.968,17,vwap_liq_rejection_short,88.0,11.375,141.75,1.6107954545454546,-49.03247765453125,-0.9763962482029456,-11.999439325169078,False,False,1.1104990635672578,22767.78247765453,22762.569679274497,22718.75,short,49.03247765453125,a favor,a favor,a favor,a favor,mixta,medio,medio,medio,alto,alto,bajo,223.75,0.2111731843575419,1.0,media,lateral,contra el día
A_oos_2025,2025-06-30,MNQ,1,1,2025-06-30 10:13:00,22849.5,2025-06-30 10:22:00,22812.0,22812.25,22924.0,stop,-75.0,1.58,-76.58,74.5,-1.028,10,vwap_liq_rejection_long,80.75,12.9375,80.75,1.0,21.43017844127462,0.8544000654619595,26.00711682432302,True,False,1.6802734004176951,22827.819821558725,22748.90837503228,22849.25,long,21.43017844127462,a favor,a favor,a favor,a favor,a favor,bajo,medio,bajo,bajo,bajo,alto,154.0,0.25487012987012986,1.0,baja,mixto,a favor del día
A_oos_2025,2025-06-30,MNQ,1,1,2025-06-30 10:31:00,22842.5,2025-06-30 11:16:00,22806.5,22806.75,22914.0,stop,-72.0,1.58,-73.58,71.5,-1.029,46,vwap_liq_rejection_long,80.75,11.775,80.75,1.0,13.588502462287579,-0.9727541385946097,23.890680444008467,False,True,1.4601268343494378,22828.161497537712,22762.149683143154,22841.75,long,13.588502462287579,en contra,a favor,a favor,a favor,en contra,bajo,medio,bajo,bajo,bajo,medio,154.0,0.25487012987012986,1.0,baja,mixto,a favor del día
A_oos_2025,2025-06-30,MNQ,-1,3,2025-06-30 13:33:00,22823.5,2025-06-30 13:56:00,22841.0,22840.75,22789.0,stop,-105.0,4.74,-109.74,103.5,-1.06,24,vwap_liq_rejection_short,80.75,6.4,80.75,1.0,-8.327205294208397,-0.027909073542105034,1.8475045744162344,False,True,1.6565481352992193,22832.32720529421,22827.271685419164,22824.0,short,8.327205294208397,a favor,en contra,a favor,a favor,a favor,bajo,bajo,bajo,bajo,bajo,alto,154.0,0.25487012987012986,1.0,baja,mixto,contra el día
A_oos_2025,2025-07-01,MNQ,-1,1,2025-07-01 10:12:00,22790.5,2025-07-01 10:14:00,22821.5,22821.0,22729.5,stop,-62.0,1.58,-63.58,61.0,-1.042,3,vwap_liq_rejection_short,55.25,14.8,55.25,1.0,-18.591690203484177,-1.017295886111242,-9.239215927642363,False,False,1.4554451842957463,22808.841690203484,22835.280840845688,22790.25,short,18.591690203484177,a favor,a favor,a favor,a favor,mixta,bajo,alto,bajo,bajo,bajo,medio,251.25,0.37910447761194027,-1.0,alta,mixto,a favor del día
A_oos_2025,2025-07-01,MNQ,-1,2,2025-07-01 14:58:00,22716.0,2025-07-01 15:01:00,22671.0,22738.5,22671.0,target,180.0,3.16,176.84,90.0,1.965,4,vwap_liq_rejection_short,55.25,6.9,251.25,4.547511312217194,-5.0975374406298215,0.03021985595114529,0.591533801114565,False,True,2.0743773456158308,22721.09753744063,22727.264608545007,22716.0,short,5.0975374406298215,en contra,en contra,a favor,a favor,a favor,bajo,bajo,alto,alto,bajo,alto,251.25,0.37910447761194027,-1.0,alta,mixto,a favor del día
A_oos_2025,2025-07-02,MNQ,1,3,2025-07-02 10:02:00,22720.5,2025-07-02 10:13:00,22758.0,22701.75,22758.0,target,225.0,4.74,220.26,112.5,1.958,12,vwap_liq_rejection_long,78.25,13.8125,78.25,1.0,23.028896061445266,5.887744825096888,-2.723000635698554,True,False,1.1784944853532267,22696.471103938555,22712.528323343013,22719.5,long,23.028896061445266,a favor,en contra,a favor,a favor,a favor,bajo,medio,bajo,bajo,bajo,bajo,208.25,0.9231692677070829,1.0,media,tendencial,a favor del día
A_oos_2025,2025-07-03,MNQ,1,4,2025-07-03 10:38:00,23056.0,2025-07-03 10:44:00,23041.5,23042.0,23084.0,stop,-116.0,6.32,-122.32,112.0,-1.092,7,vwap_liq_rejection_long,75.0,9.4375,140.75,1.8766666666666667,51.81647934180364,4.355889282425778,46.48912861614372,False,False,1.1491270742122048,23003.433520658196,22921.61012687218,23055.25,long,51.81647934180364,a favor,a favor,a favor,a favor,mixta,bajo,bajo,medio,alto,alto,bajo,171.5,0.7186588921282799,1.0,baja,tendencial,a favor del día
A_oos_2025,2025-07-07,MNQ,-1,1,2025-07-07 10:17:00,22911.0,2025-07-07 10:24:00,22946.0,22945.75,22841.5,stop,-70.0,1.58,-71.58,69.5,-1.03,8,vwap_liq_rejection_short,77.75,13.8625,77.75,1.0,-29.136532180182257,-2.0005741433196818,0.7106542945657566,False,True,1.4724715739078396,22940.136532180182,22937.981551891036,22911.0,short,29.136532180182257,a favor,en contra,a favor,a favor,a favor,bajo,medio,bajo,bajo,medio,medio,197.75,0.35145385587863465,-1.0,media,mixto,a favor del día
A_oos_2025,2025-07-07,MNQ,-1,3,2025-07-07 10:52:00,22917.5,2025-07-07 11:58:00,22935.5,22935.0,22882.5,stop,-108.0,4.74,-112.74,105.0,-1.074,67,vwap_liq_rejection_short,77.75,9.4375,77.75,1.0,-19.09472474233189,-1.1084344261289516,-1.7647272168869677,False,True,1.3563501849568433,22937.844724742332,22936.035124102767,22918.75,short,19.09472474233189,a favor,a favor,a favor,a favor,a favor,bajo,bajo,bajo,bajo,bajo,medio,197.75,0.35145385587863465,-1.0,media,mixto,a favor del día
A_oos_2025,2025-07-07,MNQ,-1,4,2025-07-07 13:01:00,22869.5,2025-07-07 13:03:00,22884.5,22884.0,22840.5,stop,-120.0,6.32,-126.32,116.0,-1.089,3,vwap_liq_rejection_short,77.75,14.9375,144.75,1.8617363344051447,-46.62030061783298,-2.153910038210597,-9.758128551107802,False,True,1.174053071466677,22916.620300617833,22913.980489644448,22870.0,short,46.62030061783298,a favor,a favor,a favor,a favor,a favor,bajo,alto,medio,alto,alto,bajo,197.75,0.35145385587863465,-1.0,media,mixto,a favor del día
A_oos_2025,2025-07-08,MNQ,-1,1,2025-07-08 10:26:00,22859.0,2025-07-08 10:32:00,22897.0,22896.75,22783.5,stop,-76.0,1.58,-77.58,75.5,-1.028,7,vwap_liq_rejection_short,55.0,13.15,85.25,1.55,-38.62695424280173,-3.0566297316618147,2.3781828904720896,False,True,2.322627876627304,22898.1269542428,22879.06803608503,22859.5,short,38.62695424280173,a favor,en contra,a favor,a favor,a favor,bajo,medio,bajo,alto,medio,alto,121.75,0.33880903490759756,-1.0,baja,mixto,a favor del día
A_oos_2025,2025-07-08,MNQ,-1,1,2025-07-08 13:19:00,22886.5,2025-07-08 13:31:00,22920.5,22920.25,22819.0,stop,-68.0,1.58,-69.58,67.5,-1.031,13,vwap_liq_rejection_short,55.0,10.7375,121.75,2.213636363636364,-14.356538259104127,0.0895054154607351,3.1669732458794897,False,True,2.0634968675282224,22901.356538259104,22903.93415943932,22887.0,short,14.356538259104127,en contra,en contra,a favor,a favor,a favor,bajo,medio,medio,alto,bajo,alto,121.75,0.33880903490759756,-1.0,baja,mixto,a favor del día
A_oos_2025,2025-07-08,MNQ,1,1,2025-07-08 13:58:00,22935.5,2025-07-08 14:46:00,22890.5,22891.0,23024.5,stop,-90.0,1.58,-91.58,89.0,-1.029,49,vwap_liq_rejection_long,55.0,8.125,121.75,2.213636363636364,33.66373789970021,0.37749193256604485,1.45653021920225,True,False,1.187794035133152,22901.5862621003,22904.719914032627,22935.25,long,33.66373789970021,a favor,a favor,a favor,a favor,a favor,bajo,bajo,medio,alto,medio,bajo,121.75,0.33880903490759756,-1.0,baja,mixto,contra el día
A_oos_2025,2025-07-09,MNQ,1,2,2025-07-09 14:58:00,23035.5,2025-07-09 15:50:00,23045.0,23007.25,23092.0,session_flatten,38.0,3.16,34.84,113.0,0.308,53,vwap_liq_rejection_long,128.75,5.9875,194.25,1.5087378640776699,31.000474612112157,0.2705792445121915,8.31332374746853,True,False,1.531710375091422,23003.749525387888,22994.24652489571,23034.75,long,31.000474612112157,a favor,a favor,a favor,a favor,a favor,alto,bajo,alto,alto,medio,medio,194.25,0.43114543114543114,1.0,media,mixto,a favor del día
A_oos_2025,2025-07-10,MNQ,1,2,2025-07-10 13:56:00,23036.5,2025-07-10 15:50:00,23024.5,23016.0,23077.5,session_flatten,-48.0,3.16,-51.16,82.0,-0.624,115,vwap_liq_rejection_long,147.5,5.45,188.75,1.2796610169491525,53.58281208808694,0.8795501344357035,7.426176985136408,True,False,1.6417910447761193,22982.417187911913,23001.942868465572,23036.0,long,53.58281208808694,a favor,a favor,a favor,a favor,a favor,alto,bajo,alto,medio,alto,alto,188.75,0.3350993377483444,-1.0,media,mixto,contra el día
A_oos_2025,2025-07-11,MNQ,1,3,2025-07-11 13:30:00,23013.5,2025-07-11 13:33:00,22994.0,22994.5,23051.5,stop,-117.0,4.74,-121.74,114.0,-1.068,4,vwap_liq_rejection_long,101.5,6.15,158.75,1.564039408866995,52.687032746645855,0.9416641595125839,7.356964292401244,False,False,1.3072972187227443,22960.562967253354,22988.30178567157,23013.25,long,52.687032746645855,a favor,a favor,a favor,a favor,mixta,medio,bajo,medio,alto,alto,medio,158.75,0.34960629921259845,1.0,baja,mixto,a favor del día
A_oos_2025,2025-07-11,MNQ,1,4,2025-07-11 14:09:00,23007.5,2025-07-11 14:12:00,22992.0,22992.5,23037.5,stop,-124.0,6.32,-130.32,120.0,-1.086,4,vwap_liq_rejection_long,101.5,6.925,158.75,1.564039408866995,43.80145290042856,0.6375054490636103,0.4820857970153156,True,False,1.2230728146697525,22962.94854709957,22989.6598251586,23006.75,long,43.80145290042856,a favor,a favor,a favor,a favor,a favor,medio,bajo,medio,alto,alto,bajo,158.75,0.34960629921259845,1.0,baja,mixto,a favor del día
A_oos_2025,2025-07-11,MNQ,1,5,2025-07-11 14:13:00,23003.0,2025-07-11 14:29:00,22990.5,22990.75,23027.5,stop,-125.0,7.9,-132.9,122.5,-1.085,17,vwap_liq_rejection_long,101.5,7.25,158.75,1.564039408866995,38.65242388978368,0.7811702861727099,1.5302150574716507,True,False,1.504082509669102,22963.347576110216,22990.132673118078,23002.0,long,38.65242388978368,a favor,a favor,a favor,a favor,a favor,medio,bajo,medio,alto,medio,medio,158.75,0.34960629921259845,1.0,baja,mixto,a favor del día
A_oos_2025,2025-07-15,MNQ,1,6,2025-07-15 14:32:00,23174.5,2025-07-15 14:36:00,23164.0,23164.5,23194.5,stop,-126.0,9.48,-135.48,120.0,-1.129,5,vwap_liq_rejection_long,100.0,6.1,140.25,1.4025,24.01723340926401,0.2923233915498713,10.488415581898153,True,False,1.1619038651664235,23149.732766590736,23142.62135928947,23173.75,long,24.01723340926401,a favor,a favor,a favor,a favor,a favor,medio,bajo,medio,medio,medio,bajo,155.5,0.8295819935691319,-1.0,baja,tendencial,contra el día
A_oos_2025,2025-07-15,MNQ,-1,3,2025-07-15 14:53:00,23143.0,2025-07-15 14:58:00,23110.0,23159.5,23110.0,target,198.0,4.74,193.26,99.0,1.952,6,vwap_liq_rejection_short,100.0,7.0375,140.25,1.4025,-6.176693392433663,0.01959732059549424,5.314662836295611,False,True,1.4837931177963632,23149.926693392434,23145.17845787551,23143.75,short,6.176693392433663,en contra,en contra,a favor,a favor,a favor,medio,bajo,medio,medio,bajo,medio,155.5,0.8295819935691319,-1.0,baja,tendencial,a favor del día
A_oos_2025,2025-07-15,MNQ,-1,1,2025-07-15 14:59:00,23103.5,2025-07-15 15:50:00,23106.0,23159.5,22991.5,session_flatten,-5.0,1.58,-6.58,112.0,-0.059,52,vwap_liq_rejection_short,100.0,8.15,140.25,1.4025,-45.08470647824652,-0.5970788281083514,2.1618769152300956,False,True,2.544120742010162,23149.334706478247,23143.958916311272,23104.25,short,45.08470647824652,a favor,en contra,a favor,a favor,a favor,medio,bajo,medio,medio,alto,alto,155.5,0.8295819935691319,-1.0,baja,tendencial,a favor del día
A_oos_2025,2025-07-16,MNQ,-1,1,2025-07-16 10:16:00,22975.5,2025-07-16 10:23:00,23005.5,23005.0,22916.5,stop,-60.0,1.58,-61.58,59.0,-1.044,8,vwap_liq_rejection_short,131.0,17.125,141.75,1.08206106870229,-29.114687622506608,-7.154391995063634,-33.302145684363495,False,True,1.2125543040573497,23004.614687622507,23076.635870154736,22975.5,short,29.114687622506608,a favor,a favor,a favor,a favor,a favor,alto,alto,medio,bajo,medio,bajo,264.25,0.03405865657521287,1.0,alta,lateral,contra el día
A_oos_2025,2025-07-17,MNQ,1,1,2025-07-17 10:34:00,23165.0,2025-07-17 12:24:00,23268.0,23113.5,23268.0,target,206.0,1.58,204.42,103.0,1.985,111,vwap_liq_rejection_long,92.75,10.8625,109.5,1.1805929919137466,35.255757386890764,1.7694396084407344,19.85040662063693,False,True,1.326818441049987,23129.49424261311,23093.14657072137,23164.75,long,35.255757386890764,a favor,a favor,a favor,a favor,en contra,medio,medio,bajo,medio,medio,medio,215.25,0.7444831591173054,1.0,media,tendencial,a favor del día
A_oos_2025,2025-07-18,MNQ,-1,1,2025-07-18 10:05:00,23255.0,2025-07-18 12:27:00,23176.5,23294.25,23176.5,target,157.0,1.58,155.42,78.5,1.98,143,vwap_liq_rejection_short,58.75,13.875,58.75,1.0,-23.013613001396152,-3.691722650437441,4.967162440803804,False,True,1.30100866051666,23278.513613001396,23258.023234528977,23255.5,short,23.013613001396152,a favor,en contra,a favor,a favor,a favor,bajo,medio,bajo,bajo,bajo,medio,140.0,0.6035714285714285,-1.0,baja,tendencial,a favor del día
A_oos_2025,2025-07-18,MNQ,-1,2,2025-07-18 13:02:00,23185.5,2025-07-18 13:25:00,23214.0,23213.75,23129.0,stop,-114.0,3.16,-117.16,113.0,-1.037,24,vwap_liq_rejection_short,58.75,9.0,137.0,2.331914893617021,-44.57667236965062,-1.160057369277638,-8.460498731557891,False,False,1.2726762145464756,23230.82667236965,23221.548272767388,23186.25,short,44.57667236965062,a favor,a favor,a favor,a favor,mixta,bajo,bajo,medio,alto,alto,bajo,140.0,0.6035714285714285,-1.0,baja,tendencial,a favor del día
A_oos_2025,2025-07-21,MNQ,1,4,2025-07-21 13:19:00,23416.0,2025-07-21 14:14:00,23402.5,23402.75,23442.5,stop,-108.0,6.32,-114.32,106.0,-1.078,56,vwap_liq_rejection_long,146.5,4.8,175.5,1.1979522184300342,38.30310152887978,0.6153005825108266,11.749733145727077,True,False,1.2131903921834715,23376.94689847112,23374.386834091736,23415.25,long,38.30310152887978,a favor,a favor,a favor,a favor,a favor,alto,bajo,alto,medio,medio,bajo,175.5,0.4843304843304843,1.0,media,mixto,a favor del día
A_oos_2025,2025-07-23,MNQ,-1,3,2025-07-23 10:11:00,23168.0,2025-07-23 10:17:00,23186.5,23186.0,23132.0,stop,-111.0,4.74,-115.74,108.0,-1.072,7,vwap_liq_rejection_short,102.0,15.9875,114.25,1.1200980392156863,-27.36285183768996,-7.563002669929119,-12.301944076585642,False,True,1.4206392994236208,23195.61285183769,23218.877588989082,23168.25,short,27.36285183768996,a favor,a favor,a favor,a favor,a favor,medio,alto,bajo,medio,medio,medio,181.5,0.22038567493112948,1.0,media,lateral,contra el día
A_oos_2025,2025-07-23,MNQ,-1,1,2025-07-23 10:36:00,23151.0,2025-07-23 10:56:00,23196.0,23195.75,23061.5,stop,-90.0,1.58,-91.58,89.5,-1.023,21,vwap_liq_rejection_short,102.0,11.775,121.75,1.1936274509803921,-37.81911141981982,-1.525457273262873,-12.560856041724037,True,False,1.774422343410144,23189.06911141982,23208.965240470996,23151.25,short,37.81911141981982,a favor,a favor,a favor,a favor,en contra,medio,medio,medio,medio,medio,alto,181.5,0.22038567493112948,1.0,media,lateral,contra el día
A_oos_2025,2025-07-23,MNQ,1,4,2025-07-23 13:05:00,23234.5,2025-07-23 13:13:00,23220.5,23221.0,23261.5,stop,-112.0,6.32,-118.32,108.0,-1.096,9,vwap_liq_rejection_long,102.0,6.4375,151.5,1.4852941176470589,28.324918715501553,0.36828683237035875,2.7717793194024125,True,False,1.459509895398517,23205.9250812845,23216.04334724172,23234.25,long,28.324918715501553,a favor,a favor,a favor,a favor,a favor,medio,bajo,medio,alto,medio,medio,181.5,0.22038567493112948,1.0,media,lateral,a favor del día
A_oos_2025,2025-07-24,MNQ,1,2,2025-07-24 14:11:00,23407.5,2025-07-24 14:47:00,23379.5,23379.75,23463.0,stop,-112.0,3.16,-115.16,111.0,-1.037,37,vwap_liq_rejection_long,67.25,5.0625,123.25,1.8327137546468402,42.3464045624205,0.6206250602699583,6.678333645184466,True,True,1.306652531142327,23364.90359543758,23374.668211384305,23407.25,long,42.3464045624205,a favor,a favor,a favor,a favor,mixta,bajo,bajo,medio,alto,alto,medio,126.5,0.10474308300395258,1.0,baja,lateral,a favor del día
A_oos_2025,2025-07-25,MNQ,1,1,2025-07-25 10:14:00,23413.5,2025-07-25 12:32:00,23475.5,23382.5,23475.5,target,124.0,1.58,122.42,62.0,1.975,139,vwap_liq_rejection_long,77.75,11.55,85.75,1.1028938906752412,36.35940596993896,5.214891978495871,0.569078362397704,True,False,1.1440025088970398,23377.14059403006,23390.632513590277,23413.5,long,36.35940596993896,a favor,a favor,a favor,a favor,a favor,bajo,medio,bajo,bajo,medio,bajo,146.75,0.40034071550255534,1.0,baja,mixto,a favor del día
A_oos_2025,2025-07-29,MNQ,-1,2,2025-07-29 14:27:00,23472.5,2025-07-29 14:39:00,23499.5,23499.0,23419.5,stop,-108.0,3.16,-111.16,106.0,-1.049,13,vwap_liq_rejection_short,96.25,6.9,214.25,2.225974025974026,-58.56486861056328,-0.8515861773666984,-2.158995960071479,False,True,1.3784044136964706,23531.314868610563,23495.904047841705,23472.75,short,58.56486861056328,a favor,a favor,a favor,a favor,a favor,medio,bajo,alto,alto,alto,medio,230.25,0.6894679695982627,-1.0,media,tendencial,a favor del día
A_oos_2025,2025-07-29,MNQ,-1,3,2025-07-29 14:58:00,23475.5,2025-07-29 15:37:00,23440.0,23493.25,23440.0,target,213.0,4.74,208.26,106.5,1.955,40,vwap_liq_rejection_short,96.25,5.8625,214.25,2.225974025974026,-53.82926317206875,-0.5665460178752255,-1.9626023610435368,False,False,1.3646034816247583,23529.57926317207,23493.706081820546,23475.75,short,53.82926317206875,a favor,a favor,a favor,a favor,mixta,medio,bajo,alto,alto,alto,medio,230.25,0.6894679695982627,-1.0,media,tendencial,a favor del día
A_oos_2025,2025-07-30,MNQ,1,1,2025-07-30 10:23:00,23503.5,2025-07-30 14:36:00,23585.0,23462.75,23585.0,target,163.0,1.58,161.42,81.5,1.981,254,vwap_liq_rejection_long,76.25,10.2625,76.25,1.0,15.648714493348962,-0.07349131477894844,0.792463917619898,True,True,1.343778246459777,23487.60128550665,23481.661184482677,23503.25,long,15.648714493348962,en contra,a favor,a favor,a favor,mixta,bajo,medio,bajo,bajo,bajo,medio,234.75,0.014909478168264111,-1.0,media,lateral,contra el día
A_oos_2025,2025-08-04,MNQ,1,2,2025-08-04 10:13:00,23241.5,2025-08-04 10:46:00,23212.0,23212.5,23299.5,stop,-118.0,3.16,-121.16,116.0,-1.044,34,vwap_liq_rejection_long,162.0,14.2875,177.75,1.0972222222222223,53.24228331914492,8.986935323911894,77.74720022328984,True,False,1.1110379953410632,23188.007716680855,23006.485036775586,23241.25,long,53.24228331914492,a favor,a favor,a favor,a favor,a favor,alto,alto,alto,bajo,alto,bajo,222.0,0.9594594594594594,1.0,media,tendencial,a favor del día
A_oos_2025,2025-08-04,MNQ,1,5,2025-08-04 13:02:00,23273.0,2025-08-04 13:45:00,23262.0,23262.5,23294.0,stop,-110.0,7.9,-117.9,105.0,-1.123,44,vwap_liq_rejection_long,162.0,6.025,193.75,1.1959876543209877,56.448246973432106,1.2230782550577715,22.779793019137287,True,False,1.307985497815376,23216.051753026568,23202.719888000942,23272.5,long,56.448246973432106,a favor,a favor,a favor,a favor,a favor,alto,bajo,alto,medio,alto,medio,222.0,0.9594594594594594,1.0,media,tendencial,a favor del día
A_oos_2025,2025-08-08,MNQ,1,2,2025-08-08 10:19:00,23648.5,2025-08-08 10:33:00,23695.0,23625.25,23695.0,target,186.0,3.16,182.84,93.0,1.966,15,vwap_liq_rejection_long,119.0,14.2875,148.75,1.25,32.338349808735074,10.881792181931814,50.10746496927459,True,False,1.275411078993508,23615.911650191265,23500.14401518449,23648.25,long,32.338349808735074,a favor,a favor,a favor,a favor,a favor,alto,alto,medio,medio,medio,medio,194.5,0.8830334190231363,1.0,media,tendencial,a favor del día
A_oos_2025,2025-08-08,MNQ,1,4,2025-08-08 14:58:00,23715.5,2025-08-08 15:31:00,23701.0,23701.5,23743.5,stop,-116.0,6.32,-122.32,112.0,-1.092,34,vwap_liq_rejection_long,119.0,5.4,194.5,1.634453781512605,57.44289822624705,0.6585971594540752,9.962710002160748,True,False,1.185739830129638,23658.057101773753,23681.843592911377,23715.5,long,57.44289822624705,a favor,a favor,a favor,a favor,a favor,alto,bajo,alto,alto,alto,bajo,194.5,0.8830334190231363,1.0,media,tendencial,a favor del día
A_oos_2025,2025-08-11,MNQ,1,1,2025-08-11 10:12:00,23751.0,2025-08-11 13:39:00,23709.5,23709.75,23833.5,stop,-83.0,1.58,-84.58,82.5,-1.025,208,vwap_liq_rejection_long,64.0,12.5375,71.0,1.109375,30.669772296834708,3.4707500610675197,10.193882184325048,True,False,1.3167259786476868,23720.080227703165,23702.941601799215,23750.75,long,30.669772296834708,a favor,a favor,a favor,a favor,a favor,bajo,medio,bajo,bajo,medio,medio,217.5,0.4045977011494253,-1.0,media,mixto,contra el día
A_oos_2025,2025-08-11,MNQ,-1,1,2025-08-11 13:40:00,23704.5,2025-08-11 15:47:00,23637.5,23738.0,23637.5,target,134.0,1.58,132.42,67.0,1.976,128,vwap_liq_rejection_short,64.0,7.4125,123.5,1.9296875,-36.07370093446298,-0.5177734733224497,-3.575479659917619,False,True,3.187956427726327,23740.823700934463,23741.888269938572,23704.75,short,36.07370093446298,a favor,a favor,a favor,a favor,a favor,bajo,bajo,medio,alto,medio,alto,217.5,0.4045977011494253,-1.0,media,mixto,a favor del día
A_oos_2025,2025-08-12,MNQ,1,2,2025-08-12 10:50:00,23753.0,2025-08-12 11:06:00,23796.0,23731.5,23796.0,target,172.0,3.16,168.84,86.0,1.963,17,vwap_liq_rejection_long,156.0,14.675,186.5,1.1955128205128205,32.46921898079745,1.821126938379166,14.616359924424614,True,False,1.1826108568233125,23720.780781019203,23710.4694511406,23753.25,long,32.46921898079745,a favor,a favor,a favor,a favor,a favor,alto,alto,alto,medio,medio,bajo,327.25,0.6226126814362108,1.0,alta,tendencial,a favor del día
A_oos_2025,2025-08-14,MNQ,1,2,2025-08-14 10:30:00,23955.0,2025-08-14 11:21:00,23925.5,23926.0,24013.0,stop,-118.0,3.16,-121.16,116.0,-1.044,52,vwap_liq_rejection_long,119.0,13.25,119.0,1.0,38.03219161532252,3.637623880731553,1.458849784314225,True,False,1.1516634383389406,23916.717808384677,23927.180943095344,23954.75,long,38.03219161532252,a favor,a favor,a favor,a favor,a favor,alto,medio,medio,bajo,medio,bajo,164.25,0.5251141552511416,1.0,baja,tendencial,a favor del día
A_oos_2025,2025-08-15,MNQ,-1,1,2025-08-15 10:47:00,23817.0,2025-08-15 11:45:00,23737.5,23856.75,23737.5,target,159.0,1.58,157.42,79.5,1.98,59,vwap_liq_rejection_short,151.75,15.2875,156.25,1.029654036243822,-23.519945805946918,-0.3479778923574486,-12.27207554629058,False,True,1.86991232335273,23840.519945805947,23883.89726914618,23817.0,short,23.519945805946918,a favor,a favor,a favor,a favor,a favor,alto,alto,medio,bajo,bajo,alto,187.5,0.5933333333333334,-1.0,media,tendencial,a favor del día
A_oos_2025,2025-08-15,MNQ,-1,2,2025-08-15 14:50:00,23798.5,2025-08-15 14:56:00,23820.0,23819.75,23756.0,stop,-86.0,3.16,-89.16,85.0,-1.049,7,vwap_liq_rejection_short,151.75,6.3,187.5,1.2355848434925865,-19.181329830611503,-0.10534914351956104,-0.595436586845608,False,True,2.019174120293503,23817.93132983061,23815.68916828979,23798.75,short,19.181329830611503,a favor,a favor,a favor,a favor,a favor,alto,bajo,alto,medio,bajo,alto,187.5,0.5933333333333334,-1.0,media,tendencial,a favor del día
A_oos_2025,2025-08-15,MNQ,-1,1,2025-08-15 15:05:00,23784.5,2025-08-15 15:42:00,23822.5,23822.25,23709.0,stop,-76.0,1.58,-77.58,75.5,-1.028,38,vwap_liq_rejection_short,151.75,9.5375,187.5,1.2355848434925865,-32.923480367448064,-0.4452082362549845,-1.7930452681648603,False,True,3.145464951652258,23817.423480367448,23814.645370952196,23784.5,short,32.923480367448064,a favor,a favor,a favor,a favor,a favor,alto,medio,alto,medio,medio,alto,187.5,0.5933333333333334,-1.0,media,tendencial,a favor del día
A_oos_2025,2025-08-18,MNQ,1,1,2025-08-18 13:32:00,23781.5,2025-08-18 13:43:00,23751.5,23751.75,23841.0,stop,-60.0,1.58,-61.58,59.5,-1.035,12,vwap_liq_rejection_long,83.25,5.7875,105.75,1.2702702702702702,13.859011618573277,-0.02963534420632641,-1.3780585101740144,True,False,2.8465398726436972,23767.390988381427,23762.368116215755,23781.25,long,13.859011618573277,en contra,en contra,a favor,a favor,a favor,bajo,bajo,bajo,medio,bajo,alto,105.75,0.44680851063829785,1.0,baja,mixto,a favor del día
A_oos_2025,2025-08-18,MNQ,1,3,2025-08-18 14:33:00,23778.5,2025-08-18 15:50:00,23804.0,23760.5,23814.5,session_flatten,153.0,4.74,148.26,108.0,1.373,78,vwap_liq_rejection_long,83.25,6.35,105.75,1.2702702702702702,10.595554143877962,0.02345843938019243,0.6144653015908261,True,False,1.420249096022499,23767.404445856122,23763.273659360195,23778.0,long,10.595554143877962,a favor,a favor,a favor,a favor,a favor,bajo,bajo,bajo,medio,bajo,medio,105.75,0.44680851063829785,1.0,baja,mixto,a favor del día
A_oos_2025,2025-08-19,MNQ,-1,1,2025-08-19 10:27:00,23679.0,2025-08-19 10:32:00,23614.5,23711.25,23614.5,target,129.0,1.58,127.42,64.5,1.976,6,vwap_liq_rejection_short,131.5,13.9125,131.5,1.0,-13.239563929495489,0.20475256174540846,-15.133084686694929,False,False,1.2737949670153828,23692.989563929495,23743.79805206549,23679.75,short,13.239563929495489,en contra,a favor,a favor,a favor,mixta,alto,medio,medio,bajo,bajo,medio,345.5,0.8719247467438495,-1.0,alta,tendencial,a favor del día
A_oos_2025,2025-08-20,MNQ,-1,1,2025-08-20 14:24:00,23196.0,2025-08-20 14:40:00,23250.0,23249.75,23088.5,stop,-108.0,1.58,-109.58,107.5,-1.019,17,vwap_liq_rejection_short,286.0,15.6,396.75,1.3872377622377623,-8.83858650707407,0.1743772729751072,-6.103535908940103,False,True,1.480025762555117,23204.588586507074,23249.129429877285,23195.75,short,8.83858650707407,en contra,a favor,a favor,a favor,a favor,alto,alto,alto,medio,bajo,medio,396.75,0.24889729048519219,-1.0,alta,lateral,a favor del día
A_oos_2025,2025-08-21,MNQ,1,1,2025-08-21 15:04:00,23239.5,2025-08-21 15:50:00,23221.5,23202.25,23314.0,session_flatten,-36.0,1.58,-37.58,74.5,-0.504,47,vwap_liq_rejection_long,115.5,10.5375,228.75,1.9805194805194806,7.2890879602200584,-0.1392184036812978,1.3937459100052365,True,False,1.281929491239181,23232.46091203978,23209.33221269953,23239.75,long,7.2890879602200584,en contra,a favor,a favor,a favor,a favor,medio,medio,alto,alto,bajo,medio,228.75,0.2273224043715847,-1.0,media,lateral,contra el día
A_oos_2025,2025-08-25,MNQ,1,1,2025-08-25 10:51:00,23572.5,2025-08-25 15:50:00,23546.5,23531.5,23654.5,session_flatten,-52.0,1.58,-53.58,82.0,-0.653,300,vwap_liq_rejection_long,73.5,12.625,130.0,1.7687074829931972,57.34920058954958,3.736687174765393,-0.25813862983341096,True,False,1.7078231391916772,23514.40079941045,23547.14130842897,23571.75,long,57.34920058954958,a favor,en contra,a favor,a favor,a favor,bajo,medio,medio,alto,alto,alto,171.75,0.07714701601164484,1.0,baja,lateral,a favor del día
A_oos_2025,2025-08-26,MNQ,1,1,2025-08-26 10:46:00,23546.5,2025-08-26 11:10:00,23513.0,23513.5,23612.5,stop,-67.0,1.58,-68.58,66.0,-1.039,25,vwap_liq_rejection_long,91.75,11.2,122.25,1.332425068119891,46.069718373633805,3.1172506608854746,-1.052161367268127,True,False,1.4407860550805422,23499.180281626366,23535.117617986893,23545.25,long,46.069718373633805,a favor,en contra,a favor,a favor,a favor,medio,medio,medio,medio,alto,medio,173.25,0.6883116883116883,1.0,media,tendencial,a favor del día
A_oos_2025,2025-08-26,MNQ,1,5,2025-08-26 14:50:00,23546.5,2025-08-26 15:23:00,23569.0,23535.25,23569.0,target,225.0,7.9,217.1,112.5,1.93,34,vwap_liq_rejection_long,91.75,5.1625,129.5,1.4114441416893733,33.439434381703904,0.4768275492788234,4.010161423826503,True,False,1.3158113615570157,23512.560565618296,23528.893829067827,23546.0,long,33.439434381703904,a favor,a favor,a favor,a favor,a favor,medio,bajo,medio,medio,medio,medio,173.25,0.6883116883116883,1.0,media,tendencial,a favor del día
A_oos_2025,2025-08-27,MNQ,1,2,2025-08-27 13:33:00,23607.0,2025-08-27 14:15:00,23649.0,23586.0,23649.0,target,168.0,3.16,164.84,84.0,1.962,43,vwap_liq_rejection_long,76.75,5.65,143.25,1.8664495114006514,35.533624945885094,0.44739741152807255,3.906436718880286,True,True,1.1748404018409462,23571.466375054115,23588.438615840634,23607.0,long,35.533624945885094,a favor,a favor,a favor,a favor,mixta,bajo,bajo,medio,alto,medio,bajo,169.0,0.5739644970414202,1.0,baja,tendencial,a favor del día
A_oos_2025,2025-09-01,MNQ,1,5,2025-09-01 10:22:00,23487.0,2025-09-01 13:00:00,23502.5,23475.0,23511.0,session_flatten,155.0,7.9,147.1,120.0,1.226,159,vwap_liq_rejection_long,51.75,4.1625,51.75,1.0,10.625437054539361,1.3651591972120514,5.563439359317272,False,True,3.226950354609929,23475.87456294546,23472.194938995213,23486.5,long,10.625437054539361,a favor,a favor,a favor,a favor,en contra,bajo,bajo,bajo,bajo,bajo,alto,63.75,0.42745098039215684,1.0,baja,mixto,a favor del día
A_oos_2025,2025-09-02,MNQ,1,1,2025-09-02 13:27:00,23155.0,2025-09-02 15:43:00,23258.5,23103.25,23258.5,target,207.0,1.58,205.42,103.5,1.985,137,vwap_liq_rejection_long,236.0,9.475,255.25,1.0815677966101696,6.368179928889731,-0.265627278960892,-6.371133155804273,True,True,1.5261971830985916,23148.38182007111,23147.34517204533,23154.75,long,6.368179928889731,en contra,en contra,a favor,a favor,mixta,alto,medio,alto,bajo,bajo,medio,265.0,0.7094339622641509,1.0,alta,tendencial,a favor del día
A_oos_2025,2025-09-03,MNQ,1,1,2025-09-03 10:02:00,23415.5,2025-09-03 10:44:00,23509.0,23368.75,23509.0,target,187.0,1.58,185.42,93.5,1.983,43,vwap_liq_rejection_long,68.25,22.5375,68.25,1.0,17.438746400384844,1.586382338158728,48.98143129058735,True,True,1.7017247210010145,23398.061253599615,23255.617682505228,23415.5,long,17.438746400384844,a favor,a favor,a favor,a favor,mixta,bajo,alto,bajo,bajo,bajo,alto,207.75,0.021660649819494584,1.0,media,lateral,a favor del día
A_oos_2025,2025-09-03,MNQ,1,1,2025-09-03 13:13:00,23452.0,2025-09-03 13:35:00,23408.0,23408.25,23539.5,stop,-88.0,1.58,-89.58,87.5,-1.024,23,vwap_liq_rejection_long,68.25,8.75,156.25,2.2893772893772892,16.923720064816735,-0.05318897924371413,2.8156047743032104,True,False,1.8821147245474974,23435.076279935183,23409.728329319034,23452.0,long,16.923720064816735,en contra,a favor,a favor,a favor,a favor,bajo,bajo,medio,alto,bajo,alto,207.75,0.021660649819494584,1.0,media,lateral,a favor del día
A_oos_2025,2025-09-08,MNQ,-1,2,2025-09-08 13:07:00,23786.0,2025-09-08 13:26:00,23817.0,23816.5,23725.0,stop,-124.0,3.16,-127.16,122.0,-1.042,20,vwap_liq_rejection_short,105.25,9.0125,116.75,1.1092636579572446,-54.32285597770169,-1.1762538805887743,-3.66603900514383,False,True,1.7730478652644261,23840.8228559777,23815.726488542812,23786.5,short,54.32285597770169,a favor,a favor,a favor,a favor,a favor,medio,bajo,bajo,bajo,alto,alto,129.5,0.02702702702702703,1.0,baja,lateral,contra el día
A_oos_2025,2025-09-08,MNQ,-1,2,2025-09-08 13:48:00,23794.0,2025-09-08 14:23:00,23818.5,23818.0,23746.0,stop,-98.0,3.16,-101.16,96.0,-1.054,36,vwap_liq_rejection_short,105.25,6.625,116.75,1.1092636579572446,-42.99504947913374,-0.632901657212642,-2.6845306336872454,False,False,1.593984962406015,23837.745049479134,23810.731205604043,23794.75,short,42.99504947913374,a favor,a favor,a favor,a favor,mixta,medio,bajo,bajo,bajo,alto,alto,129.5,0.02702702702702703,1.0,baja,lateral,contra el día
A_oos_2025,2025-09-08,MNQ,-1,3,2025-09-08 15:13:00,23780.0,2025-09-08 15:42:00,23798.0,23797.75,23744.5,stop,-108.0,4.74,-112.74,106.5,-1.059,30,vwap_liq_rejection_short,105.25,6.4125,125.75,1.1947743467933492,-51.065915068193135,-0.6441825937945396,-2.7264951732286136,False,True,2.5849887789876154,23831.315915068193,23802.49393677117,23780.25,short,51.065915068193135,a favor,a favor,a favor,a favor,a favor,medio,bajo,medio,medio,alto,alto,129.5,0.02702702702702703,1.0,baja,lateral,contra el día
A_oos_2025,2025-09-09,MNQ,-1,1,2025-09-09 10:33:00,23795.0,2025-09-09 12:17:00,23830.0,23829.75,23725.5,stop,-70.0,1.58,-71.58,69.5,-1.03,105,vwap_liq_rejection_short,56.5,12.8625,76.75,1.3584070796460177,-26.55439539459985,-1.3498883410538838,3.3162310425759642,False,False,1.1900955014908603,23821.3043953946,23807.73595218467,23794.75,short,26.55439539459985,a favor,en contra,a favor,a favor,mixta,bajo,medio,bajo,medio,medio,bajo,161.25,0.29147286821705426,1.0,baja,mixto,contra el día
A_oos_2025,2025-09-09,MNQ,1,3,2025-09-09 15:04:00,23845.5,2025-09-09 15:50:00,23850.5,23826.25,23884.0,session_flatten,30.0,4.74,25.26,115.5,0.219,47,vwap_liq_rejection_long,56.5,5.0875,131.25,2.3230088495575223,39.70645968871395,0.38302266216487624,3.6354825345333666,True,False,1.1238544696262964,23806.043540311286,23827.595647214705,23845.75,long,39.70645968871395,a favor,a favor,a favor,a favor,a favor,bajo,bajo,medio,alto,medio,bajo,161.25,0.29147286821705426,1.0,baja,mixto,a favor del día
A_oos_2025,2025-09-10,MNQ,1,1,2025-09-10 10:03:00,23952.0,2025-09-10 12:24:00,23904.0,23904.25,24047.5,stop,-96.0,1.58,-97.58,95.5,-1.022,142,vwap_liq_rejection_long,110.0,20.625,110.0,1.0,12.713995825415623,-3.0330522033764282,24.09596600973964,False,True,1.1360751035680878,23938.786004174584,23866.599677852893,23951.5,long,12.713995825415623,en contra,a favor,a favor,a favor,en contra,medio,alto,bajo,bajo,bajo,bajo,219.25,0.5324971493728621,-1.0,media,tendencial,contra el día
A_oos_2025,2025-09-10,MNQ,-1,1,2025-09-10 13:24:00,23897.0,2025-09-10 15:10:00,23824.5,23933.25,23824.5,target,145.0,1.58,143.42,72.5,1.978,107,vwap_liq_rejection_short,110.0,7.35,110.0,1.0,-48.692961386739626,-0.8239832314538944,-1.1604522801972053,False,True,2.0658571861020483,23945.69296138674,23924.85319381903,23897.0,short,48.692961386739626,a favor,a favor,a favor,a favor,a favor,medio,bajo,bajo,bajo,alto,alto,219.25,0.5324971493728621,-1.0,media,tendencial,a favor del día
A_oos_2025,2025-09-11,MNQ,1,1,2025-09-11 10:08:00,24225.0,2025-09-11 10:15:00,24191.0,24191.25,24292.5,stop,-68.0,1.58,-69.58,67.5,-1.031,8,vwap_liq_rejection_long,86.75,14.0625,88.5,1.0201729106628241,29.83854166666788,3.6088478915662563,76.63497669655408,True,False,2.598794373744139,24196.411458333332,23971.61105728111,24226.25,long,29.83854166666788,a favor,a favor,a favor,a favor,a favor,bajo,medio,bajo,bajo,medio,alto,137.5,0.4109090909090909,1.0,baja,mixto,a favor del día
A_oos_2025,2025-09-11,MNQ,1,2,2025-09-11 10:19:00,24206.5,2025-09-11 10:20:00,24179.0,24179.5,24260.5,stop,-110.0,3.16,-113.16,108.0,-1.048,2,vwap_liq_rejection_long,86.75,13.4625,89.75,1.0345821325648414,4.900660369108664,1.1668284434636007,72.58102679803778,True,False,1.337579617834395,24198.34933963089,23995.876526592754,24203.25,long,4.900660369108664,a favor,a favor,a favor,a favor,a favor,bajo,medio,bajo,bajo,bajo,medio,137.5,0.4109090909090909,1.0,baja,mixto,a favor del día
A_oos_2025,2025-09-11,MNQ,1,1,2025-09-11 10:34:00,24209.5,2025-09-11 11:19:00,24266.0,24181.25,24266.0,target,113.0,1.58,111.42,56.5,1.972,46,vwap_liq_rejection_long,86.75,11.9875,89.75,1.0345821325648414,15.312598363238067,0.17381811388986534,61.96383555518332,False,True,2.066115702479339,24198.187401636762,24023.603550978267,24213.5,long,15.312598363238067,a favor,a favor,a favor,a favor,en contra,bajo,medio,bajo,bajo,bajo,alto,137.5,0.4109090909090909,1.0,baja,mixto,a favor del día
A_oos_2025,2025-09-11,MNQ,1,7,2025-09-11 14:13:00,24259.5,2025-09-11 14:15:00,24252.0,24252.5,24273.5,stop,-105.0,11.06,-116.06,98.0,-1.184,3,vwap_liq_rejection_long,86.75,4.4625,137.5,1.585014409221902,30.39393390674377,0.5284165008852142,9.6771071844596,True,False,1.3333333333333333,24230.356066093256,24225.83060426626,24260.75,long,30.39393390674377,a favor,a favor,a favor,a favor,a favor,bajo,bajo,medio,alto,medio,medio,137.5,0.4109090909090909,1.0,baja,mixto,a favor del día
A_oos_2025,2025-09-12,MNQ,1,1,2025-09-12 10:23:00,24304.0,2025-09-12 14:53:00,24393.0,24259.5,24393.0,target,178.0,1.58,176.42,89.0,1.982,271,vwap_liq_rejection_long,61.5,9.45,72.0,1.170731707317073,30.77246461975301,3.3668667379060935,7.153841795476183,True,False,4.071069911162612,24272.227535380247,24258.508731318074,24303.0,long,30.77246461975301,a favor,a favor,a favor,a favor,a favor,bajo,bajo,bajo,medio,medio,alto,161.25,0.5364341085271318,1.0,baja,tendencial,a favor del día
A_oos_2025,2025-09-15,MNQ,1,3,2025-09-15 10:27:00,24486.5,2025-09-15 11:50:00,24518.5,24470.5,24518.5,target,192.0,4.74,187.26,96.0,1.951,84,vwap_liq_rejection_long,84.75,8.7375,94.25,1.112094395280236,16.71951245254604,1.548458271434356,28.800842192005803,False,True,1.3322098167263534,24469.280487547454,24407.002395160955,24486.0,long,16.71951245254604,a favor,a favor,a favor,a favor,en contra,bajo,bajo,bajo,medio,bajo,medio,133.75,0.9476635514018692,1.0,baja,tendencial,a favor del día
A_oos_2025,2025-09-17,MNQ,-1,1,2025-09-17 10:30:00,24438.5,2025-09-17 14:01:00,24475.0,24474.5,24366.5,stop,-73.0,1.58,-74.58,72.0,-1.036,212,vwap_liq_rejection_short,78.75,9.9375,103.75,1.3174603174603174,-45.542291071593354,-3.229624856798182,-16.098332802059304,False,True,1.3624661398285165,24484.292291071593,24509.685845259246,24438.75,short,45.542291071593354,a favor,a favor,a favor,a favor,a favor,bajo,medio,bajo,medio,alto,medio,309.0,0.2127831715210356,-1.0,alta,lateral,a favor del día
A_oos_2025,2025-09-18,MNQ,1,5,2025-09-18 13:02:00,24790.5,2025-09-18 13:20:00,24780.0,24780.25,24811.0,stop,-105.0,7.9,-112.9,102.5,-1.101,19,vwap_liq_rejection_long,114.75,5.2,217.0,1.8910675381263617,57.682947422017605,0.7000542572750419,20.793331472785212,True,False,1.1804326730977794,24732.567052577982,24726.355600216797,24790.25,long,57.682947422017605,a favor,a favor,a favor,a favor,a favor,medio,bajo,alto,alto,alto,bajo,217.0,0.15092165898617513,1.0,media,lateral,a favor del día
A_oos_2025,2025-09-19,MNQ,-1,1,2025-09-19 10:46:00,24753.0,2025-09-19 12:04:00,24792.0,24791.5,24676.0,stop,-78.0,1.58,-79.58,77.0,-1.034,79,vwap_liq_rejection_short,78.75,9.725,78.75,1.0,-23.07493269790575,-0.7868318992659624,5.852012854888017,False,True,1.1038081580624601,24776.574932697906,24758.256858378998,24753.5,short,23.07493269790575,a favor,en contra,a favor,a favor,a favor,bajo,medio,bajo,bajo,bajo,bajo,180.0,0.5791666666666667,1.0,media,tendencial,contra el día
A_oos_2025,2025-09-19,MNQ,1,2,2025-09-19 13:47:00,24828.5,2025-09-19 14:26:00,24806.0,24806.5,24872.5,stop,-90.0,3.16,-93.16,88.0,-1.059,40,vwap_liq_rejection_long,78.75,6.025,126.5,1.6063492063492064,52.8811072682729,0.6930467792408308,7.14933153919992,True,False,1.414060625449892,24775.368892731727,24791.111133261184,24828.25,long,52.8811072682729,a favor,a favor,a favor,a favor,a favor,bajo,bajo,medio,alto,alto,medio,180.0,0.5791666666666667,1.0,media,tendencial,a favor del día
A_oos_2025,2025-09-22,MNQ,1,3,2025-09-22 10:18:00,24872.0,2025-09-22 10:37:00,24908.5,24853.75,24908.5,target,219.0,4.74,214.26,109.5,1.957,20,vwap_liq_rejection_long,66.25,9.9875,74.75,1.1283018867924528,15.63073480726598,2.347745719656814,11.343533037103043,True,False,1.1271191703409302,24855.619265192734,24836.88160789108,24871.25,long,15.63073480726598,a favor,a favor,a favor,a favor,a favor,bajo,medio,bajo,medio,bajo,bajo,213.0,0.8650234741784038,1.0,media,tendencial,a favor del día
A_oos_2025,2025-09-23,MNQ,-1,1,2025-09-23 10:02:00,24932.5,2025-09-23 10:42:00,24973.0,24972.5,24852.5,stop,-81.0,1.58,-82.58,80.0,-1.032,41,vwap_liq_rejection_short,77.25,13.475,80.25,1.0388349514563107,-32.78996413164714,-7.053088326698344,-7.74994661924211,False,True,1.3294567644652768,24965.789964131647,24983.290262592946,24933.0,short,32.78996413164714,a favor,a favor,a favor,a favor,a favor,bajo,medio,bajo,bajo,medio,medio,230.5,0.764642082429501,-1.0,media,tendencial,a favor del día
A_oos_2025,2025-09-23,MNQ,-1,1,2025-09-23 13:02:00,24919.5,2025-09-23 13:36:00,24853.0,24952.75,24853.0,target,133.0,1.58,131.42,66.5,1.976,35,vwap_liq_rejection_short,77.25,7.925,94.75,1.226537216828479,-31.691954327710846,-0.7206750060649938,-4.603962046247034,True,True,1.2125789203395463,24951.44195432771,24949.66545428606,24919.75,short,31.691954327710846,a favor,a favor,a favor,a favor,mixta,bajo,bajo,bajo,medio,medio,bajo,230.5,0.764642082429501,-1.0,media,tendencial,a favor del día
A_oos_2025,2025-09-24,MNQ,-1,1,2025-09-24 10:35:00,24794.0,2025-09-24 10:50:00,24829.0,24828.75,24724.5,stop,-70.0,1.58,-71.58,69.5,-1.03,16,vwap_liq_rejection_short,114.25,11.325,114.25,1.0,-32.26712498386405,-1.5108062773797428,-4.737219567788998,False,True,1.9797889372837296,24826.767124983864,24833.481270032888,24794.5,short,32.26712498386405,a favor,a favor,a favor,a favor,a favor,medio,medio,bajo,bajo,medio,alto,271.25,0.504147465437788,-1.0,alta,tendencial,a favor del día
A_oos_2025,2025-09-25,MNQ,1,2,2025-09-25 15:13:00,24632.5,2025-09-25 15:17:00,24610.5,24610.75,24676.0,stop,-88.0,3.16,-91.16,87.0,-1.048,5,vwap_liq_rejection_long,159.75,11.5625,275.0,1.7214397496087637,51.345639913266496,0.7159961299294082,7.415734483482083,False,False,1.108709472345836,24580.654360086734,24601.53453390225,24632.0,long,51.345639913266496,a favor,a favor,a favor,a favor,mixta,alto,medio,alto,alto,alto,bajo,275.0,0.18727272727272729,1.0,alta,lateral,a favor del día
A_oos_2025,2025-09-26,MNQ,1,1,2025-09-26 10:02:00,24722.5,2025-09-26 10:06:00,24670.5,24671.0,24825.5,stop,-104.0,1.58,-105.58,103.0,-1.025,5,vwap_liq_rejection_long,119.25,21.4875,133.75,1.121593291404612,42.67856702382778,3.931855570524931,21.545854255888116,True,False,1.342865281593722,24679.321432976172,24626.822097969485,24722.0,long,42.67856702382778,a favor,a favor,a favor,a favor,a favor,alto,alto,medio,medio,alto,medio,217.0,0.31682027649769584,1.0,media,mixto,a favor del día
A_oos_2025,2025-09-29,MNQ,1,1,2025-09-29 10:24:00,24952.5,2025-09-29 11:11:00,24916.0,24916.25,25025.0,stop,-73.0,1.58,-74.58,72.5,-1.029,48,vwap_liq_rejection_long,109.25,13.825,129.25,1.1830663615560641,31.56450445590599,3.5186875452127424,52.41011017681376,True,True,1.1123909420645035,24920.185495544094,24794.27454115106,24951.75,long,31.56450445590599,a favor,a favor,a favor,a favor,mixta,medio,medio,medio,medio,medio,bajo,194.5,0.12853470437017994,-1.0,media,lateral,contra el día
A_oos_2025,2025-09-30,MNQ,-1,3,2025-09-30 13:38:00,24737.0,2025-09-30 13:42:00,24755.5,24755.0,24701.0,stop,-111.0,4.74,-115.74,108.0,-1.072,5,vwap_liq_rejection_short,108.25,9.975,141.5,1.3071593533487298,-52.24122433066441,-1.4070928293222096,-12.804920295693591,False,True,1.8403769274700172,24789.741224330664,24790.096302288148,24737.5,short,52.24122433066441,a favor,a favor,a favor,a favor,a favor,medio,medio,medio,medio,alto,alto,191.25,0.46797385620915033,1.0,media,mixto,contra el día
A_oos_2025,2025-09-30,MNQ,1,1,2025-09-30 14:12:00,24801.0,2025-09-30 15:50:00,24881.0,24761.0,24881.0,target,160.0,1.58,158.42,80.0,1.98,99,vwap_liq_rejection_long,108.25,9.2,141.5,1.3071593533487298,12.29955206431623,-0.18923895241459832,-3.449955156451324,True,False,1.770921176645667,24788.450447935684,24784.840958444125,24800.75,long,12.29955206431623,en contra,en contra,a favor,a favor,a favor,medio,bajo,medio,medio,bajo,alto,191.25,0.46797385620915033,1.0,media,mixto,a favor del día
A_oos_2025,2025-10-02,MNQ,-1,1,2025-10-02 10:52:00,25033.5,2025-10-02 13:26:00,25090.5,25090.0,24920.5,stop,-114.0,1.58,-115.58,113.0,-1.023,155,vwap_liq_rejection_short,154.75,14.8,154.75,1.0,-35.41705414743046,-2.188242649910535,11.255933689775702,False,True,1.198717158011595,25068.91705414743,25035.675951164412,25033.5,short,35.41705414743046,a favor,en contra,a favor,a favor,a favor,alto,alto,medio,bajo,medio,bajo,175.25,0.35520684736091296,-1.0,media,mixto,a favor del día
A_oos_2025,2025-10-02,MNQ,1,4,2025-10-02 13:42:00,25096.5,2025-10-02 13:56:00,25081.5,25082.0,25125.5,stop,-120.0,6.32,-126.32,116.0,-1.089,15,vwap_liq_rejection_long,154.75,6.95,175.25,1.1324717285945072,37.54760727589746,0.5344601607284858,9.143505039712181,True,False,1.210748481416658,25058.702392724103,25058.993414801305,25096.25,long,37.54760727589746,a favor,a favor,a favor,a favor,a favor,alto,bajo,alto,medio,medio,bajo,175.25,0.35520684736091296,-1.0,media,mixto,contra el día
A_oos_2025,2025-10-02,MNQ,1,1,2025-10-02 14:14:00,25107.0,2025-10-02 15:50:00,25116.5,25075.25,25170.5,session_flatten,19.0,1.58,17.42,63.5,0.274,97,vwap_liq_rejection_long,154.75,6.275,175.25,1.1324717285945072,46.22090225803913,0.5307632816002297,8.159486594180635,True,True,2.0729804801948175,25060.52909774196,25067.96772697305,25106.75,long,46.22090225803913,a favor,a favor,a favor,a favor,mixta,alto,bajo,alto,medio,alto,alto,175.25,0.35520684736091296,-1.0,media,mixto,contra el día
A_oos_2025,2025-10-03,MNQ,-1,1,2025-10-03 13:02:00,25094.0,2025-10-03 13:06:00,25027.0,25127.5,25027.0,target,134.0,1.58,132.42,67.0,1.976,5,vwap_liq_rejection_short,71.0,8.125,120.0,1.6901408450704225,-21.566400097137375,-0.07122728922331589,0.5849711645605566,False,True,3.6909307128997932,25115.816400097137,25122.12801173891,25094.25,short,21.566400097137375,a favor,en contra,a favor,a favor,a favor,bajo,bajo,medio,alto,bajo,alto,248.0,0.5866935483870968,-1.0,alta,tendencial,a favor del día
A_oos_2025,2025-10-06,MNQ,1,1,2025-10-06 10:02:00,25174.0,2025-10-06 10:11:00,25134.5,25134.75,25252.5,stop,-79.0,1.58,-80.58,78.5,-1.026,10,vwap_liq_rejection_long,104.75,19.3375,104.75,1.0,10.175942462778039,-3.8202538393124996,33.686815737550205,False,False,1.5291601710836633,25163.574057537222,25063.024541016723,25173.75,long,10.175942462778039,en contra,a favor,a favor,a favor,mixta,medio,alto,bajo,bajo,bajo,medio,142.75,0.10507880910683012,-1.0,baja,lateral,contra el día
A_oos_2025,2025-10-06,MNQ,1,1,2025-10-06 13:25:00,25224.5,2025-10-06 15:50:00,25195.0,25182.25,25309.0,session_flatten,-59.0,1.58,-60.58,84.5,-0.717,146,vwap_liq_rejection_long,104.75,6.3875,115.5,1.1026252983293556,57.457131031878816,1.3118403207736264,9.695222953690973,True,True,3.2615406450697226,25166.79286896812,25170.595053082703,25224.25,long,57.457131031878816,a favor,a favor,a favor,a favor,mixta,medio,bajo,bajo,bajo,alto,alto,142.75,0.10507880910683012,-1.0,baja,lateral,contra el día
A_oos_2025,2025-10-07,MNQ,1,3,2025-10-07 10:02:00,25247.5,2025-10-07 10:04:00,25229.0,25229.25,25284.0,stop,-111.0,4.74,-115.74,109.5,-1.057,3,vwap_liq_rejection_long,48.5,13.6875,48.5,1.0,4.889104824680544,1.9279208926200226,7.775348330964334,True,False,1.248763949710411,25241.86089517532,25221.14113725543,25246.75,long,4.889104824680544,a favor,a favor,a favor,a favor,a favor,bajo,medio,bajo,bajo,bajo,bajo,280.25,0.7288135593220338,-1.0,alta,tendencial,contra el día
A_oos_2025,2025-10-07,MNQ,-1,1,2025-10-07 10:29:00,25210.5,2025-10-07 11:06:00,25115.0,25258.25,25115.0,target,191.0,1.58,189.42,95.5,1.983,38,vwap_liq_rejection_short,48.5,9.1375,58.0,1.1958762886597938,-28.51697936275741,-1.4901158004286117,4.176837212071405,False,True,3.00359224617053,25239.016979362757,25224.66670763151,25210.5,short,28.51697936275741,a favor,en contra,a favor,a favor,a favor,bajo,bajo,bajo,medio,medio,alto,280.25,0.7288135593220338,-1.0,alta,tendencial,a favor del día
A_oos_2025,2025-10-09,MNQ,-1,2,2025-10-09 10:17:00,25262.5,2025-10-09 10:43:00,25207.5,25290.0,25207.5,target,220.0,3.16,216.84,110.0,1.971,27,vwap_liq_rejection_short,87.25,13.2,87.25,1.0,-22.827334180274192,-1.7194337795335741,-1.407256290800433,False,False,1.1126302755133628,25285.827334180274,25279.94589150809,25263.0,short,22.827334180274192,a favor,a favor,a favor,a favor,mixta,medio,medio,bajo,bajo,bajo,bajo,176.5,0.31869688385269124,-1.0,media,mixto,a favor del día
A_oos_2025,2025-10-09,MNQ,-1,2,2025-10-09 13:12:00,25212.5,2025-10-09 13:30:00,25170.5,25233.5,25170.5,target,168.0,3.16,164.84,84.0,1.962,19,vwap_liq_rejection_short,87.25,13.5375,143.75,1.6475644699140402,-42.388985420566314,-1.8292429807479493,-7.856176848858013,False,True,1.3685283066929887,25254.638985420566,25248.230639623365,25212.25,short,42.388985420566314,a favor,a favor,a favor,a favor,a favor,medio,medio,medio,alto,alto,medio,176.5,0.31869688385269124,-1.0,media,mixto,a favor del día
A_oos_2025,2025-10-10,MNQ,1,1,2025-10-10 10:09:00,25353.0,2025-10-10 10:17:00,25312.0,25312.5,25434.0,stop,-82.0,1.58,-83.58,81.0,-1.032,9,vwap_liq_rejection_long,94.25,18.6125,94.25,1.0,5.285996258866362,-1.607627453035093,26.56313188320928,False,True,1.121422519987146,25346.714003741134,25276.811995159296,25352.0,long,5.285996258866362,en contra,a favor,a favor,a favor,en contra,medio,alto,bajo,bajo,bajo,bajo,1002.0,0.8964570858283433,-1.0,alta,tendencial,contra el día
A_oos_2025,2025-10-20,MNQ,1,1,2025-10-20 10:24:00,25248.0,2025-10-20 10:54:00,25315.5,25214.25,25315.5,target,135.0,1.58,133.42,67.5,1.977,31,vwap_liq_rejection_long,124.75,14.275,138.25,1.1082164328657316,34.549003077303496,3.085955798957002,56.29370510420631,True,False,1.4284781274083362,25213.200996922697,25071.969886041876,25247.75,long,34.549003077303496,a favor,a favor,a favor,a favor,a favor,alto,alto,medio,bajo,medio,medio,240.25,0.7877211238293444,1.0,media,tendencial,a favor del día
A_oos_2025,2025-10-21,MNQ,-1,1,2025-10-21 10:02:00,25222.0,2025-10-21 10:20:00,25275.0,25274.5,25117.0,stop,-106.0,1.58,-107.58,105.0,-1.025,19,vwap_liq_rejection_short,90.75,21.225,90.75,1.0,-33.294557819524925,-6.615655682784563,-15.948265888233436,False,True,1.158076139746201,25255.294557819525,25299.18788619309,25222.0,short,33.294557819524925,a favor,a favor,a favor,a favor,a favor,medio,alto,bajo,bajo,medio,bajo,144.5,0.12283737024221453,1.0,baja,lateral,contra el día
A_oos_2025,2025-10-22,MNQ,-1,1,2025-10-22 10:15:00,25223.5,2025-10-22 10:30:00,25127.0,25271.75,25127.0,target,193.0,1.58,191.42,96.5,1.984,16,vwap_liq_rejection_short,116.75,16.7125,116.75,1.0,-14.579386501158297,1.7691750197591318,-9.735742234530335,False,True,1.412737057919016,25238.32938650116,25284.954516649617,25223.75,short,14.579386501158297,en contra,a favor,a favor,a favor,a favor,alto,alto,bajo,bajo,bajo,medio,484.25,0.48425400103252453,-1.0,alta,mixto,a favor del día
A_oos_2025,2025-10-23,MNQ,1,1,2025-10-23 10:14:00,25135.0,2025-10-23 10:20:00,25100.5,25101.0,25203.0,stop,-69.0,1.58,-70.58,68.0,-1.038,7,vwap_liq_rejection_long,181.0,18.975,181.0,1.0,24.7701186780032,7.501829611919675,37.518609027512866,False,False,1.3000175610245603,25109.729881321997,25031.27790958011,25134.5,long,24.7701186780032,a favor,a favor,a favor,a favor,mixta,alto,alto,alto,bajo,medio,medio,289.5,0.8324697754749568,1.0,alta,tendencial,a favor del día
A_oos_2025,2025-10-23,MNQ,1,1,2025-10-23 10:47:00,25174.5,2025-10-23 11:45:00,25132.0,25132.25,25259.0,stop,-85.0,1.58,-86.58,84.5,-1.025,59,vwap_liq_rejection_long,181.0,14.85,191.75,1.0593922651933703,50.96110450231936,5.977388844516099,30.673803215999214,True,False,2.0222161522352726,25123.03889549768,25065.155014022825,25174.0,long,50.96110450231936,a favor,a favor,a favor,a favor,a favor,alto,alto,alto,bajo,alto,alto,289.5,0.8324697754749568,1.0,alta,tendencial,a favor del día
A_oos_2025,2025-10-24,MNQ,1,2,2025-10-24 13:49:00,25565.5,2025-10-24 14:04:00,25540.0,25540.25,25616.0,stop,-102.0,3.16,-105.16,101.0,-1.041,16,vwap_liq_rejection_long,120.5,5.6,139.0,1.1535269709543567,54.94940398002291,0.8410320426955877,13.321760831291613,True,False,2.403646091350441,25510.300596019977,25514.493896820564,25565.25,long,54.94940398002291,a favor,a favor,a favor,a favor,a favor,alto,bajo,medio,medio,alto,alto,139.0,0.2823741007194245,1.0,baja,mixto,a favor del día
A_oos_2025,2025-10-27,MNQ,1,1,2025-10-27 10:30:00,25861.5,2025-10-27 14:56:00,25942.5,25821.0,25942.5,target,162.0,1.58,160.42,81.0,1.98,267,vwap_liq_rejection_long,63.5,14.6,80.5,1.2677165354330708,21.11229495934458,-0.22862794377215323,61.25064361950717,False,True,1.7483204461908988,25840.637705040655,25676.19309439858,25861.75,long,21.11229495934458,en contra,a favor,a favor,a favor,en contra,bajo,alto,bajo,medio,bajo,alto,185.25,0.786774628879892,1.0,media,tendencial,a favor del día
A_oos_2025,2025-10-29,MNQ,-1,1,2025-10-29 13:27:00,26227.0,2025-10-29 14:01:00,26270.0,26269.75,26141.5,stop,-86.0,1.58,-87.58,85.5,-1.024,35,vwap_liq_rejection_short,62.75,6.625,123.0,1.9601593625498008,-38.70972932574659,-0.4382541215309175,3.520025298890687,True,True,2.5945617499620233,26266.459729325747,26245.323610171017,26227.75,short,38.70972932574659,a favor,en contra,a favor,a favor,mixta,bajo,bajo,medio,alto,medio,alto,279.0,0.026881720430107527,-1.0,alta,lateral,a favor del día
A_oos_2025,2025-10-30,MNQ,-1,1,2025-10-30 14:39:00,25988.5,2025-10-30 15:22:00,25916.5,26024.5,25916.5,target,144.0,1.58,142.42,72.0,1.978,44,vwap_liq_rejection_short,205.75,12.95,238.0,1.1567436208991495,-57.62157271444448,-0.7882791880438162,-13.513548664839618,False,True,1.3453735774369124,26046.621572714444,26044.500082409693,25989.0,short,57.62157271444448,a favor,a favor,a favor,a favor,a favor,alto,medio,alto,medio,alto,medio,301.5,0.7114427860696517,-1.0,alta,tendencial,a favor del día
A_oos_2025,2025-11-03,MNQ,-1,1,2025-11-03 14:04:00,26114.0,2025-11-03 15:50:00,26090.0,26144.5,26053.0,session_flatten,48.0,1.58,46.42,61.0,0.761,107,vwap_liq_rejection_short,146.25,9.225,253.0,1.72991452991453,-0.6396722235404013,0.32629068321330124,7.898810551319912,False,True,2.162794276042468,26115.13967222354,26122.218369545233,26114.5,short,0.6396722235404013,en contra,en contra,a favor,a favor,a favor,alto,bajo,alto,alto,bajo,alto,253.0,0.4772727272727273,-1.0,alta,mixto,a favor del día
A_oos_2025,2025-11-05,MNQ,1,1,2025-11-05 10:24:00,25659.0,2025-11-05 11:30:00,25742.0,25617.5,25742.0,target,166.0,1.58,164.42,83.0,1.981,67,vwap_liq_rejection_long,203.0,25.2375,229.0,1.1280788177339902,48.04987040372362,6.99979285214431,9.779702743730013,False,True,1.2251500499429855,25611.200129596276,25636.999930932667,25659.25,long,48.04987040372362,a favor,a favor,a favor,a favor,en contra,alto,alto,alto,medio,alto,bajo,390.75,0.5035188739603327,1.0,alta,tendencial,a favor del día
A_oos_2025,2025-11-10,MNQ,1,1,2025-11-10 10:22:00,25641.5,2025-11-10 10:48:00,25609.0,25609.5,25705.5,stop,-65.0,1.58,-66.58,64.0,-1.04,27,vwap_liq_rejection_long,128.75,17.2375,138.5,1.075728155339806,25.738850586345507,3.790715565901337,129.9242917033407,True,False,1.1397860496139145,25615.511149413654,25263.177543100326,25641.25,long,25.738850586345507,a favor,a favor,a favor,a favor,a favor,alto,alto,medio,bajo,medio,bajo,307.75,0.5913891145410236,1.0,alta,tendencial,a favor del día
A_oos_2025,2025-11-11,MNQ,-1,1,2025-11-11 10:07:00,25584.0,2025-11-11 11:31:00,25479.0,25636.5,25479.0,target,210.0,1.58,208.42,105.0,1.985,85,vwap_liq_rejection_short,85.5,20.9375,85.5,1.0,-20.726521376829623,2.012560218132421,-15.425347570460872,False,False,1.4367738631156157,25605.47652137683,25647.986159204287,25584.75,short,20.726521376829623,en contra,a favor,a favor,a favor,mixta,bajo,alto,bajo,bajo,bajo,medio,217.25,0.1093210586881473,1.0,media,lateral,contra el día
A_oos_2025,2025-11-12,MNQ,-1,1,2025-11-12 10:33:00,25596.0,2025-11-12 11:11:00,25529.5,25629.25,25529.5,target,133.0,1.58,131.42,66.5,1.976,39,vwap_liq_rejection_short,220.25,21.5,220.25,1.0,-34.61749140374013,-2.944080719127669,-8.52417955770943,False,True,1.1597063722163963,25630.86749140374,25634.331499861815,25596.25,short,34.61749140374013,a favor,a favor,a favor,a favor,a favor,alto,alto,alto,bajo,medio,bajo,293.0,0.6322525597269625,-1.0,alta,tendencial,a favor del día
A_oos_2025,2025-11-12,MNQ,-1,1,2025-11-12 14:23:00,25585.0,2025-11-12 15:33:00,25618.5,25618.0,25519.0,stop,-67.0,1.58,-68.58,66.0,-1.039,71,vwap_liq_rejection_short,220.25,11.025,293.0,1.330306469920545,-4.8317549623097875,0.026475299477169756,3.1613732288424217,False,True,1.1565420560747663,25590.33175496231,25594.979637487166,25585.5,short,4.8317549623097875,en contra,en contra,a favor,a favor,a favor,alto,medio,alto,medio,bajo,bajo,293.0,0.6322525597269625,-1.0,alta,tendencial,a favor del día
A_oos_2025,2025-11-24,MNQ,1,1,2025-11-24 10:29:00,24734.5,2025-11-24 11:09:00,24843.5,24680.0,24843.5,target,218.0,1.58,216.42,109.0,1.986,41,vwap_liq_rejection_long,208.75,32.4375,256.0,1.2263473053892215,59.28710433971355,5.677300906889286,65.20814389250882,False,False,1.1478285273275801,24674.962895660286,24532.559064258192,24734.25,long,59.28710433971355,a favor,a favor,a favor,a favor,mixta,alto,alto,alto,medio,alto,bajo,479.75,0.8863991662324127,1.0,alta,tendencial,a favor del día
A_oos_2025,2025-11-28,MNQ,1,2,2025-11-28 10:03:00,25382.0,2025-11-28 10:06:00,25353.0,25353.25,25439.5,stop,-116.0,3.16,-119.16,115.0,-1.036,4,vwap_liq_rejection_long,92.0,16.75,92.0,1.0,5.173563454838586,0.25374759636542876,19.57739903989568,False,False,1.104902610727026,25376.32643654516,25322.67890721078,25381.5,long,5.173563454838586,a favor,a favor,a favor,a favor,mixta,medio,alto,bajo,bajo,bajo,bajo,170.75,0.7276720351390923,1.0,baja,tendencial,a favor del día
A_oos_2025,2025-11-28,MNQ,1,1,2025-11-28 10:17:00,25390.5,2025-11-28 10:30:00,25358.5,25359.0,25453.5,stop,-64.0,1.58,-65.58,63.0,-1.041,14,vwap_liq_rejection_long,92.0,13.2125,92.0,1.0,14.184284707538609,-0.12515252440789482,16.789444251917303,False,True,1.2845117845117846,25375.56571529246,25329.456730359183,25389.75,long,14.184284707538609,en contra,a favor,a favor,a favor,en contra,medio,medio,bajo,bajo,bajo,medio,170.75,0.7276720351390923,1.0,baja,tendencial,a favor del día
A_oos_2025,2025-11-28,MNQ,1,2,2025-11-28 10:51:00,25401.0,2025-11-28 11:28:00,25377.0,25377.25,25448.5,stop,-96.0,3.16,-99.16,95.0,-1.044,38,vwap_liq_rejection_long,92.0,10.825,92.0,1.0,23.456602993068373,0.8550832510300097,13.112526841174258,False,False,1.4176806179633463,25377.79339700693,25345.02658746792,25401.25,long,23.456602993068373,a favor,a favor,a favor,a favor,mixta,medio,medio,bajo,bajo,bajo,medio,170.75,0.7276720351390923,1.0,baja,tendencial,a favor del día
B_completo,2025-01-06,MNQ,1,1,2025-01-06 10:13:00,21822.0,2025-01-06 12:43:00,21779.0,21779.5,21907.0,stop,-86.0,1.58,-87.58,85.0,-1.03,151,vwap_liq_rejection_long,124.25,22.775,124.25,1.0,24.125939085999562,3.2873778964785743,74.24294789644773,False,False,1.631859209184637,21798.124060914,21604.716087845794,21822.25,long,24.125939085999562,a favor,a favor,a favor,a favor,mixta,medio,alto,medio,bajo,bajo,alto,250.5,0.03293413173652695,1.0,media,lateral,a favor del día
B_completo,2025-01-08,MNQ,-1,1,2025-01-08 15:13:00,21321.0,2025-01-08 15:24:00,21357.5,21357.0,21249.0,stop,-73.0,1.58,-74.58,72.0,-1.036,12,vwap_liq_rejection_short,99.75,13.975,265.5,2.661654135338346,-4.739101243125333,0.15016947964613792,-0.8983222827264399,True,False,1.320542070975013,21325.989101243125,21340.07557776849,21321.25,short,4.739101243125333,en contra,a favor,a favor,a favor,en contra,medio,medio,alto,alto,bajo,medio,265.5,0.01224105461393597,-1.0,alta,lateral,a favor del día
B_completo,2025-01-13,MNQ,-1,1,2025-01-13 10:25:00,20768.5,2025-01-13 10:39:00,20816.0,20815.5,20674.5,stop,-95.0,1.58,-96.58,94.0,-1.027,15,vwap_liq_rejection_short,139.75,22.05,154.25,1.1037567084078712,-5.551832864031894,1.069359810611786,-48.284231695146445,False,True,1.1712941345497647,20774.801832864032,20934.587938120352,20769.25,short,5.551832864031894,en contra,a favor,a favor,a favor,a favor,alto,alto,medio,medio,bajo,bajo,263.25,0.7236467236467237,1.0,media,tendencial,contra el día
B_completo,2025-01-15,MNQ,1,1,2025-01-15 13:04:00,21356.0,2025-01-15 14:37:00,21433.0,21317.5,21433.0,target,154.0,1.58,152.42,77.0,1.979,94,vwap_liq_rejection_long,160.0,10.825,222.0,1.3875,29.80587091446432,0.3245411490497645,24.20446216671553,True,True,1.2411646798185463,21325.444129085536,21277.894078472513,21355.25,long,29.80587091446432,a favor,a favor,a favor,a favor,mixta,alto,medio,alto,alto,medio,bajo,266.25,0.5652582159624413,1.0,alta,tendencial,a favor del día
B_completo,2025-01-16,MNQ,-1,1,2025-01-16 10:05:00,21369.0,2025-01-16 10:09:00,21415.0,21414.75,21277.5,stop,-92.0,1.58,-93.58,91.5,-1.023,5,vwap_liq_rejection_short,130.5,24.1,164.0,1.2567049808429118,-43.25008232088658,-12.880997308431688,2.814094087545527,False,True,1.1653911404335533,21412.500082320887,21395.72830265748,21369.25,short,43.25008232088658,a favor,en contra,a favor,a favor,a favor,medio,alto,medio,medio,alto,bajo,241.5,0.9472049689440993,-1.0,media,tendencial,a favor del día
B_completo,2025-01-16,MNQ,-1,1,2025-01-16 10:35:00,21373.0,2025-01-16 11:00:00,21417.5,21417.0,21285.0,stop,-89.0,1.58,-90.58,88.0,-1.029,26,vwap_liq_rejection_short,130.5,20.8125,164.0,1.2567049808429118,-30.37923276030415,-2.2261275447526714,-1.6791021278258995,False,False,1.3789725348416817,21404.129232760304,21394.049200529655,21373.75,short,30.37923276030415,a favor,a favor,a favor,a favor,mixta,medio,alto,medio,medio,medio,medio,241.5,0.9472049689440993,-1.0,media,tendencial,a favor del día
B_completo,2025-01-22,MNQ,1,1,2025-01-22 10:39:00,22039.5,2025-01-22 11:00:00,21996.0,21996.25,22126.0,stop,-87.0,1.58,-88.58,86.5,-1.024,22,vwap_liq_rejection_long,125.25,13.775,139.0,1.1097804391217565,52.07388347546657,3.7764146080298815,56.60367266759931,True,True,1.5403938595131028,21987.176116524533,21860.464158816383,22039.25,long,52.07388347546657,a favor,a favor,a favor,a favor,mixta,medio,medio,medio,medio,alto,alto,191.5,0.49216710182767626,1.0,media,mixto,a favor del día
B_completo,2025-01-23,MNQ,-1,1,2025-01-23 10:03:00,21881.5,2025-01-23 10:35:00,21919.5,21919.25,21806.0,stop,-76.0,1.58,-77.58,75.5,-1.028,33,vwap_liq_rejection_short,52.25,12.95,52.25,1.0,-13.269450815998425,-0.73755642958713,-30.07128027078943,True,False,1.2420647309813717,21895.769450816,21986.102538618197,21882.5,short,13.269450815998425,a favor,a favor,a favor,a favor,en contra,bajo,medio,bajo,bajo,bajo,bajo,168.0,0.8988095238095238,1.0,baja,tendencial,contra el día
B_completo,2025-01-23,MNQ,1,1,2025-01-23 15:15:00,21969.0,2025-01-23 15:50:00,21972.5,21938.75,22029.5,session_flatten,7.0,1.58,5.42,60.5,0.09,36,vwap_liq_rejection_long,52.25,7.4375,118.25,2.263157894736842,44.16711888329519,0.576033628469304,2.104611468173971,True,True,1.3263921985555598,21925.332881116705,21949.306504815886,21969.5,long,44.16711888329519,a favor,a favor,a favor,a favor,mixta,bajo,bajo,bajo,alto,alto,medio,168.0,0.8988095238095238,1.0,baja,tendencial,a favor del día
B_completo,2025-01-29,MNQ,-1,1,2025-01-29 10:05:00,21530.0,2025-01-29 10:10:00,21562.5,21562.0,21466.0,stop,-65.0,1.58,-66.58,64.0,-1.04,6,vwap_liq_rejection_short,112.75,22.4,112.75,1.0,-6.084332406397152,-1.5751902335432533,-8.632486061651434,False,False,1.2316608963446127,21536.834332406397,21553.605250976558,21530.75,short,6.084332406397152,a favor,a favor,a favor,a favor,mixta,medio,alto,bajo,bajo,bajo,bajo,238.75,0.30157068062827225,-1.0,media,mixto,a favor del día
B_completo,2025-01-29,MNQ,-1,1,2025-01-29 10:27:00,21507.5,2025-01-29 13:03:00,21408.0,21557.25,21408.0,target,199.0,1.58,197.42,99.5,1.984,157,vwap_liq_rejection_short,112.75,20.0,112.75,1.0,-28.833028625416773,-1.0373126901431533,-5.459130576906318,False,True,1.2697644958829966,21535.833028625417,21549.888358936616,21507.0,short,28.833028625416773,a favor,a favor,a favor,a favor,a favor,medio,alto,bajo,bajo,medio,bajo,238.75,0.30157068062827225,-1.0,media,mixto,a favor del día
B_completo,2025-01-29,MNQ,-1,1,2025-01-29 14:04:00,21455.0,2025-01-29 14:18:00,21390.5,21487.25,21390.5,target,129.0,1.58,127.42,64.5,1.976,15,vwap_liq_rejection_short,112.75,18.6125,238.75,2.117516629711752,-45.25262102267516,-1.4426698139941436,-7.367600879388192,False,True,2.733745108208779,21500.252621022675,21491.76016872576,21455.0,short,45.25262102267516,a favor,a favor,a favor,a favor,a favor,medio,alto,alto,alto,alto,alto,238.75,0.30157068062827225,-1.0,media,mixto,a favor del día
B_completo,2025-01-29,MNQ,1,1,2025-01-29 14:59:00,21555.0,2025-01-29 15:04:00,21506.5,21507.0,21651.0,stop,-97.0,1.58,-98.58,96.0,-1.027,6,vwap_liq_rejection_long,112.75,36.375,238.75,2.117516629711752,59.35036668416433,2.0075586400416796,8.187489642408764,True,False,1.153136696574079,21495.399633315836,21484.306544145005,21554.75,long,59.35036668416433,a favor,a favor,a favor,a favor,a favor,medio,alto,alto,alto,alto,bajo,238.75,0.30157068062827225,-1.0,media,mixto,contra el día
B_completo,2025-02-04,MNQ,1,1,2025-02-04 14:12:00,21658.5,2025-02-04 15:00:00,21611.0,21611.5,21752.5,stop,-95.0,1.58,-96.58,94.0,-1.027,49,vwap_liq_rejection_long,170.75,7.875,289.75,1.6969253294289897,57.09250177562353,0.891572263022681,8.137366114107863,True,True,1.7443991472491305,21600.407498224376,21614.327746056002,21657.5,long,57.09250177562353,a favor,a favor,a favor,a favor,mixta,alto,bajo,alto,alto,alto,alto,289.75,0.8498705780845557,1.0,alta,tendencial,a favor del día
B_completo,2025-02-05,MNQ,1,1,2025-02-05 10:57:00,21600.0,2025-02-05 11:18:00,21568.5,21568.75,21662.5,stop,-63.0,1.58,-64.58,62.5,-1.033,22,vwap_liq_rejection_long,71.75,12.15,108.0,1.505226480836237,44.40922471216618,2.1786553742531396,-4.390404983150802,True,False,1.2810004945947855,21556.090775287834,21595.14020223042,21600.5,long,44.40922471216618,a favor,en contra,a favor,a favor,a favor,bajo,medio,bajo,alto,alto,medio,265.0,0.7952830188679245,1.0,alta,tendencial,a favor del día
B_completo,2025-02-06,MNQ,1,1,2025-02-06 10:10:00,21801.5,2025-02-06 10:40:00,21763.5,21763.75,21877.0,stop,-76.0,1.58,-77.58,75.5,-1.028,31,vwap_liq_rejection_long,84.75,15.7875,84.75,1.0,19.251291281085287,0.8692644562506757,19.551925133964687,False,False,1.2624599354561574,21781.498708718915,21733.412874720267,21800.75,long,19.251291281085287,a favor,a favor,a favor,a favor,mixta,bajo,alto,bajo,bajo,bajo,bajo,170.25,0.5374449339207048,1.0,baja,tendencial,a favor del día
B_completo,2025-02-06,MNQ,1,3,2025-02-06 13:12:00,21825.0,2025-02-06 13:12:00,21809.0,21809.25,21856.5,stop,-96.0,4.74,-100.74,94.5,-1.066,1,vwap_liq_rejection_long,84.75,6.875,111.5,1.3156342182890854,34.51998196171189,0.7534065029176418,10.783450215749326,True,False,1.3268446289272169,21790.230018038288,21785.408998044906,21824.75,long,34.51998196171189,a favor,a favor,a favor,a favor,a favor,bajo,bajo,bajo,medio,medio,medio,170.25,0.5374449339207048,1.0,baja,tendencial,a favor del día
B_completo,2025-02-06,MNQ,1,1,2025-02-06 13:26:00,21833.0,2025-02-06 14:28:00,21801.0,21801.25,21896.5,stop,-64.0,1.58,-65.58,63.5,-1.033,63,vwap_liq_rejection_long,84.75,9.625,111.5,1.3156342182890854,41.54207426845096,0.6935480014144559,11.37184493858149,True,True,1.231653238398601,21791.20792573155,21790.006421765913,21832.75,long,41.54207426845096,a favor,a favor,a favor,a favor,mixta,bajo,bajo,bajo,medio,medio,bajo,170.25,0.5374449339207048,1.0,baja,tendencial,a favor del día
B_completo,2025-02-07,MNQ,-1,1,2025-02-07 10:41:00,21763.0,2025-02-07 10:53:00,21802.0,21801.5,21686.0,stop,-78.0,1.58,-79.58,77.0,-1.034,13,vwap_liq_rejection_short,98.25,21.8375,282.75,2.877862595419847,-58.41259304553023,-6.831258451878966,-20.451815362372145,True,False,1.4425818097764471,21821.16259304553,21807.771377996985,21762.75,short,58.41259304553023,a favor,a favor,a favor,a favor,en contra,medio,alto,alto,alto,alto,medio,414.75,0.729957805907173,-1.0,alta,tendencial,a favor del día
B_completo,2025-02-10,MNQ,1,4,2025-02-10 13:17:00,21870.0,2025-02-10 14:02:00,21856.0,21856.5,21897.0,stop,-112.0,6.32,-118.32,108.0,-1.096,46,vwap_liq_rejection_long,66.75,4.8375,151.5,2.269662921348315,39.883586021307565,0.507182650238974,12.23865365772508,True,False,1.6345858188303304,21829.866413978692,21826.659443368822,21869.75,long,39.883586021307565,a favor,a favor,a favor,a favor,a favor,bajo,bajo,medio,alto,medio,alto,151.5,0.5610561056105611,1.0,baja,tendencial,a favor del día
B_completo,2025-02-11,MNQ,1,1,2025-02-11 10:30:00,21840.0,2025-02-11 12:01:00,21783.5,21784.0,21952.0,stop,-113.0,1.58,-114.58,112.0,-1.023,92,vwap_liq_rejection_long,106.0,12.9,143.0,1.349056603773585,54.066924577484315,4.721061537406058,-8.708806678827386,True,False,2.089402467896957,21785.683075422516,21826.282310431405,21839.75,long,54.066924577484315,a favor,en contra,a favor,a favor,a favor,medio,medio,medio,medio,alto,alto,171.0,0.4766081871345029,1.0,baja,mixto,a favor del día
B_completo,2025-02-11,MNQ,-1,2,2025-02-11 13:13:00,21752.0,2025-02-11 13:21:00,21776.5,21776.0,21704.0,stop,-98.0,3.16,-101.16,96.0,-1.054,9,vwap_liq_rejection_short,106.0,8.125,171.0,1.6132075471698113,-42.91360826755408,-0.8829004363215063,-10.659297275644349,False,True,2.9561707852439283,21794.913608267554,21796.858303773442,21752.0,short,42.91360826755408,a favor,a favor,a favor,a favor,a favor,medio,bajo,medio,alto,alto,alto,171.0,0.4766081871345029,1.0,baja,mixto,contra el día
B_completo,2025-02-11,MNQ,1,1,2025-02-11 13:34:00,21799.5,2025-02-11 15:50:00,21780.5,21761.5,21875.5,session_flatten,-38.0,1.58,-39.58,76.0,-0.521,137,vwap_liq_rejection_long,106.0,6.9125,171.0,1.6132075471698113,5.202561213820445,-0.26988835696465685,-7.674514864476805,True,False,2.2126378321194613,21794.04743878618,21792.20974741075,21799.25,long,5.202561213820445,en contra,en contra,a favor,a favor,a favor,medio,bajo,medio,alto,bajo,alto,171.0,0.4766081871345029,1.0,baja,mixto,a favor del día
B_completo,2025-02-12,MNQ,-1,1,2025-02-12 10:13:00,21592.0,2025-02-12 10:17:00,21636.0,21635.5,21505.0,stop,-88.0,1.58,-89.58,87.0,-1.03,5,vwap_liq_rejection_short,165.25,17.95,165.25,1.0,-35.06677023617158,-2.5133079889492365,-33.21067542186938,False,True,1.2305720237141484,21627.56677023617,21744.408808004955,21592.5,short,35.06677023617158,a favor,a favor,a favor,a favor,a favor,alto,alto,medio,bajo,medio,bajo,303.25,0.8318219291014015,1.0,alta,tendencial,contra el día
B_completo,2025-02-14,MNQ,1,1,2025-02-14 10:09:00,22141.0,2025-02-14 12:31:00,22097.5,22098.0,22227.0,stop,-87.0,1.58,-88.58,86.0,-1.03,143,vwap_liq_rejection_long,54.0,13.025,54.75,1.0138888888888888,24.385361720673245,2.1099477606767323,21.190364042424335,True,False,1.2976723586437675,22116.114638279327,22060.343925575275,22140.5,long,24.385361720673245,a favor,a favor,a favor,a favor,a favor,bajo,medio,bajo,bajo,bajo,medio,136.0,0.6856617647058824,1.0,baja,tendencial,a favor del día
B_completo,2025-02-14,MNQ,1,2,2025-02-14 13:32:00,22167.0,2025-02-14 15:50:00,22197.5,22143.75,22213.5,session_flatten,122.0,3.16,118.84,93.0,1.278,139,vwap_liq_rejection_long,54.0,7.0125,87.5,1.6203703703703705,35.479136938585725,0.5909653747330594,11.071084911123762,False,True,2.260869565217391,22130.770863061414,22128.932090282615,22166.25,long,35.479136938585725,a favor,a favor,a favor,a favor,en contra,bajo,bajo,bajo,alto,medio,alto,136.0,0.6856617647058824,1.0,baja,tendencial,a favor del día
B_completo,2025-02-17,MNQ,1,4,2025-02-17 10:20:00,22221.5,2025-02-17 11:03:00,22247.0,22208.75,22247.0,target,204.0,6.32,197.68,102.0,1.938,44,vwap_liq_rejection_long,50.25,5.4875,50.25,1.0,9.424423555341491,0.4725748328091868,8.418868120847037,True,False,1.293347224289329,22211.82557644466,22189.083879398328,22221.25,long,9.424423555341491,a favor,a favor,a favor,a favor,a favor,bajo,bajo,bajo,bajo,bajo,medio,60.25,0.0912863070539419,-1.0,baja,lateral,contra el día
B_completo,2025-02-18,MNQ,-1,3,2025-02-18 10:17:00,22188.5,2025-02-18 10:28:00,22149.0,22208.25,22149.0,target,237.0,4.74,232.26,118.5,1.96,12,vwap_liq_rejection_short,103.25,18.0,119.5,1.1573849878934626,-21.05557951182709,-4.0103340728455805,-9.97817424641471,False,True,1.2925660489377042,22209.805579511827,22218.67604437694,22188.75,short,21.05557951182709,a favor,a favor,a favor,a favor,a favor,medio,alto,bajo,medio,bajo,medio,165.0,0.2015151515151515,-1.0,baja,lateral,a favor del día
B_completo,2025-02-18,MNQ,-1,2,2025-02-18 10:48:00,22143.0,2025-02-18 10:53:00,22173.0,22172.75,22083.5,stop,-120.0,3.16,-123.16,119.0,-1.035,6,vwap_liq_rejection_short,103.25,14.225,143.0,1.3849878934624698,-51.05586564721307,-3.2707117553982243,-15.832882548424095,False,False,1.6026525125033086,22193.805865647213,22202.341410143174,22142.75,short,51.05586564721307,a favor,a favor,a favor,a favor,mixta,medio,medio,medio,alto,alto,alto,165.0,0.2015151515151515,-1.0,baja,lateral,a favor del día
B_completo,2025-02-18,MNQ,-1,2,2025-02-18 13:32:00,22151.5,2025-02-18 14:09:00,22103.0,22175.75,22103.0,target,194.0,3.16,190.84,97.0,1.967,38,vwap_liq_rejection_short,103.25,8.025,143.0,1.3849878934624698,-37.54577609581247,-0.6714226278563729,-3.659328301950154,False,True,2.3656067303579067,22189.295776095812,22187.068715021756,22151.75,short,37.54577609581247,a favor,a favor,a favor,a favor,a favor,medio,bajo,medio,alto,medio,alto,165.0,0.2015151515151515,-1.0,baja,lateral,a favor del día
B_completo,2025-02-19,MNQ,-1,1,2025-02-19 10:04:00,22148.5,2025-02-19 10:46:00,22193.5,22193.25,22059.0,stop,-90.0,1.58,-91.58,89.5,-1.023,43,vwap_liq_rejection_short,67.0,14.9,74.5,1.1119402985074627,-37.41895546426167,-4.093538576846186,2.7294515670946566,False,True,1.4170292106898694,22185.91895546426,22174.974836548954,22148.5,short,37.41895546426167,a favor,en contra,a favor,a favor,a favor,bajo,alto,bajo,medio,medio,medio,181.75,0.2530949105914718,1.0,media,mixto,contra el día
B_completo,2025-02-20,MNQ,-1,1,2025-02-20 10:48:00,22038.0,2025-02-20 12:21:00,22087.5,22087.25,21939.5,stop,-99.0,1.58,-100.58,98.5,-1.021,94,vwap_liq_rejection_short,211.0,16.3375,276.25,1.3092417061611374,-46.31518215732285,-1.550010631508485,-28.696410988741263,False,True,1.3279550648420937,22084.565182157323,22159.587766835608,22038.25,short,46.31518215732285,a favor,a favor,a favor,a favor,a favor,alto,alto,alto,medio,alto,medio,276.25,0.2497737556561086,-1.0,alta,lateral,a favor del día
B_completo,2025-02-20,MNQ,-1,1,2025-02-20 13:25:00,22033.0,2025-02-20 13:59:00,22070.0,22069.5,21960.0,stop,-74.0,1.58,-75.58,73.0,-1.035,35,vwap_liq_rejection_short,211.0,9.1125,276.25,1.3092417061611374,-34.76881410153146,-0.31353606453194516,-9.696515406474646,False,False,1.6478720804385014,22068.01881410153,22078.7424213253,22033.25,short,34.76881410153146,a favor,a favor,a favor,a favor,mixta,alto,bajo,alto,medio,medio,alto,276.25,0.2497737556561086,-1.0,alta,lateral,a favor del día
B_completo,2025-02-21,MNQ,-1,1,2025-02-21 10:15:00,22069.5,2025-02-21 10:34:00,21983.5,22112.5,21983.5,target,172.0,1.58,170.42,86.0,1.982,20,vwap_liq_rejection_short,117.25,23.275,153.0,1.304904051172708,-46.51769473103923,-8.785280052819871,-0.11264175357791828,False,True,1.2402430839669392,22116.26769473104,22101.38421142138,22069.75,short,46.51769473103923,a favor,a favor,a favor,a favor,a favor,medio,alto,medio,medio,alto,bajo,540.75,0.9454461396208969,-1.0,alta,tendencial,a favor del día
B_completo,2025-02-24,MNQ,-1,1,2025-02-24 14:21:00,21578.5,2025-02-24 15:43:00,21516.0,21609.75,21516.0,target,125.0,1.58,123.42,62.5,1.975,83,vwap_liq_rejection_short,235.75,12.1625,365.0,1.5482502651113468,-5.952313254074397,0.16499480627680896,-3.059999609966326,False,True,1.466040321002153,21585.202313254074,21618.782346724096,21579.25,short,5.952313254074397,en contra,a favor,a favor,a favor,a favor,alto,medio,alto,alto,bajo,medio,386.75,0.8765352294764059,-1.0,alta,tendencial,a favor del día
B_completo,2025-02-25,MNQ,-1,1,2025-02-25 14:14:00,21165.0,2025-02-25 14:40:00,21201.0,21200.5,21094.0,stop,-72.0,1.58,-73.58,71.0,-1.036,27,vwap_liq_rejection_short,191.5,13.625,412.0,2.151436031331593,-4.49161310710042,0.260815507175721,-0.3222480055010237,False,True,1.4539696901153585,21170.4916131071,21206.96492885905,21166.0,short,4.49161310710042,en contra,a favor,a favor,a favor,a favor,alto,medio,alto,alto,bajo,medio,412.0,0.5315533980582524,-1.0,alta,tendencial,a favor del día
B_completo,2025-03-14,MNQ,1,1,2025-03-14 11:00:00,19793.5,2025-03-14 11:40:00,19886.5,19747.0,19886.5,target,186.0,1.58,184.42,93.0,1.983,41,vwap_liq_rejection_long,170.5,18.1625,189.75,1.1129032258064515,51.1193343141822,2.2786662912803877,37.11009433872459,True,False,1.7925478348439075,19740.380665685818,19639.87209933806,19791.5,long,51.1193343141822,a favor,a favor,a favor,a favor,a favor,alto,alto,alto,medio,alto,alto,311.75,0.8500400962309543,1.0,alta,tendencial,a favor del día
B_completo,2025-03-18,MNQ,-1,2,2025-03-18 14:05:00,19687.5,2025-03-18 14:24:00,19718.5,19718.25,19626.0,stop,-124.0,3.16,-127.16,123.0,-1.034,20,vwap_liq_rejection_short,244.25,15.225,297.0,1.2159672466734903,-19.318454338306765,0.003141884422802832,-3.8775857045693556,True,False,1.1051239834356135,19707.568454338307,19726.715303087647,19688.25,short,19.318454338306765,en contra,a favor,a favor,a favor,en contra,alto,alto,alto,medio,bajo,bajo,297.0,0.6372053872053872,-1.0,alta,tendencial,a favor del día
B_completo,2025-03-19,MNQ,1,1,2025-03-19 14:32:00,19898.5,2025-03-19 14:45:00,19977.5,19859.0,19977.5,target,158.0,1.58,156.42,79.0,1.98,14,vwap_liq_rejection_long,138.5,22.375,230.75,1.6660649819494584,52.756941990504856,1.6172723538111313,10.144576740462071,True,False,1.246033214270467,19845.243058009495,19851.09705582109,19898.0,long,52.756941990504856,a favor,a favor,a favor,a favor,a favor,alto,alto,alto,alto,alto,bajo,435.75,0.3482501434308663,1.0,alta,mixto,a favor del día
B_completo,2025-03-24,MNQ,1,1,2025-03-24 10:14:00,20308.5,2025-03-24 12:07:00,20378.5,20273.5,20378.5,target,140.0,1.58,138.42,70.0,1.977,114,vwap_liq_rejection_long,109.75,16.8125,109.75,1.0,23.30424450319697,3.642190088983625,105.54279657746156,False,False,1.1147259897562154,20285.195755496803,20005.47797961163,20308.5,long,23.30424450319697,a favor,a favor,a favor,a favor,mixta,medio,alto,bajo,bajo,bajo,bajo,180.5,0.6897506925207756,1.0,baja,tendencial,a favor del día
B_completo,2025-03-24,MNQ,1,1,2025-03-24 14:45:00,20362.5,2025-03-24 15:50:00,20383.0,20315.75,20456.0,session_flatten,41.0,1.58,39.42,93.5,0.422,66,vwap_liq_rejection_long,109.75,11.1,151.75,1.3826879271070616,37.61633461238307,0.7718131782021374,5.968580165470485,True,False,2.2115453912124345,20324.383665387617,20315.906825124057,20362.0,long,37.61633461238307,a favor,a favor,a favor,a favor,a favor,medio,medio,medio,medio,medio,alto,180.5,0.6897506925207756,1.0,baja,tendencial,a favor del día
B_completo,2025-03-25,MNQ,1,1,2025-03-25 10:07:00,20404.0,2025-03-25 10:53:00,20489.0,20361.5,20489.0,target,170.0,1.58,168.42,85.0,1.981,47,vwap_liq_rejection_long,66.5,18.1625,82.5,1.2406015037593985,6.636392272488592,1.1184355528166634,11.513509386455553,True,False,1.1577401503583897,20396.36360772751,20362.636558764956,20403.0,long,6.636392272488592,a favor,a favor,a favor,a favor,a favor,bajo,alto,bajo,medio,bajo,bajo,134.0,0.6138059701492538,1.0,baja,tendencial,a favor del día
B_completo,2025-03-25,MNQ,1,2,2025-03-25 13:04:00,20468.5,2025-03-25 13:18:00,20442.5,20442.75,20520.0,stop,-104.0,3.16,-107.16,103.0,-1.04,15,vwap_liq_rejection_long,66.5,7.925,134.0,2.0150375939849625,34.149287232514325,0.6188513054294162,2.869511754350242,True,False,1.8425948896055568,20433.350712767486,20435.71066934477,20467.5,long,34.149287232514325,a favor,a favor,a favor,a favor,a favor,bajo,bajo,medio,alto,medio,alto,134.0,0.6138059701492538,1.0,baja,tendencial,a favor del día
B_completo,2025-03-25,MNQ,1,2,2025-03-25 14:22:00,20454.5,2025-03-25 14:32:00,20427.0,20427.5,20508.5,stop,-110.0,3.16,-113.16,108.0,-1.048,11,vwap_liq_rejection_long,66.5,8.575,134.0,2.0150375939849625,20.665729026331974,0.19145353264320875,-2.436558426641568,True,True,1.609015086150548,20433.084270973668,20432.97796434019,20453.75,long,20.665729026331974,a favor,en contra,a favor,a favor,mixta,bajo,bajo,medio,alto,bajo,alto,134.0,0.6138059701492538,1.0,baja,tendencial,a favor del día
B_completo,2025-03-27,MNQ,1,1,2025-03-27 14:38:00,20071.0,2025-03-27 15:01:00,20036.5,20037.0,20139.0,stop,-69.0,1.58,-70.58,68.0,-1.038,24,vwap_liq_rejection_long,153.25,15.2625,261.25,1.704730831973899,1.4143621767507284,-0.15387472485963372,0.28699556870924425,False,True,1.4644392921546479,20069.58563782325,20065.478821656725,20071.0,long,1.4143621767507284,en contra,a favor,a favor,a favor,en contra,alto,alto,alto,alto,bajo,medio,261.25,0.06794258373205742,-1.0,media,lateral,contra el día
B_completo,2025-04-02,MNQ,1,1,2025-04-02 10:41:00,19590.0,2025-04-02 11:22:00,19662.0,19554.0,19662.0,target,144.0,1.58,142.42,72.0,1.978,42,vwap_liq_rejection_long,263.75,22.125,311.75,1.1819905213270143,58.517822205860284,7.344883542329626,17.257822230913007,True,False,1.259154431275429,19531.23217779414,19522.698200726616,19589.75,long,58.517822205860284,a favor,a favor,a favor,a favor,a favor,alto,alto,alto,medio,alto,bajo,573.0,0.7674520069808028,1.0,alta,tendencial,a favor del día
B_completo,2025-04-03,MNQ,-1,1,2025-04-03 13:10:00,18875.0,2025-04-03 14:13:00,18786.0,18919.5,18786.0,target,178.0,1.58,176.42,89.0,1.982,64,vwap_liq_rejection_short,163.25,24.3375,353.75,2.1669218989280243,-27.876311674932367,-0.43420386354773655,-30.123361209072755,False,True,1.3193883210522146,18903.376311674932,18984.317023941712,18875.5,short,27.876311674932367,a favor,a favor,a favor,a favor,a favor,alto,alto,alto,alto,medio,medio,395.5,0.5353982300884956,-1.0,alta,tendencial,a favor del día
B_completo,2025-04-14,MNQ,1,1,2025-04-14 10:49:00,19160.5,2025-04-14 10:58:00,19122.0,19122.25,19237.0,stop,-77.0,1.58,-78.58,76.5,-1.027,10,vwap_liq_rejection_long,268.25,25.3375,268.25,1.0,54.4365183124537,3.791968403318606,63.75167421229344,True,False,1.1052040636878915,19105.563481687546,18951.205318218905,19160.0,long,54.4365183124537,a favor,a favor,a favor,a favor,a favor,alto,alto,alto,bajo,alto,bajo,516.75,0.5921625544267054,-1.0,alta,tendencial,contra el día
B_completo,2025-04-16,MNQ,-1,1,2025-04-16 10:16:00,18551.5,2025-04-16 10:25:00,18608.5,18608.0,18438.5,stop,-114.0,1.58,-115.58,113.0,-1.023,10,vwap_liq_rejection_short,145.0,23.4625,169.25,1.1672413793103449,-45.93580471619134,-4.429484793632582,-91.33530501254063,False,True,1.111987230032502,18597.93580471619,18830.1231121401,18552.0,short,45.93580471619134,a favor,a favor,a favor,a favor,a favor,alto,alto,medio,medio,alto,bajo,619.0,0.2964458804523425,-1.0,alta,mixto,a favor del día
B_completo,2025-04-16,MNQ,-1,3,2025-04-16 13:04:00,18565.5,2025-04-16 13:13:00,18530.5,18583.0,18530.5,target,210.0,4.74,205.26,105.0,1.955,10,vwap_liq_rejection_short,145.0,15.1625,225.5,1.5551724137931036,-44.41032676452596,-1.2300130990734033,-25.706225916619587,False,True,1.2413625304136253,18610.160326764526,18645.0077901797,18565.75,short,44.41032676452596,a favor,a favor,a favor,a favor,a favor,alto,alto,alto,alto,alto,bajo,619.0,0.2964458804523425,-1.0,alta,mixto,a favor del día
B_completo,2025-04-28,MNQ,-1,1,2025-04-28 10:25:00,19487.0,2025-04-28 10:25:00,19525.0,19524.75,19411.5,stop,-76.0,1.58,-77.58,75.5,-1.028,1,vwap_liq_rejection_short,158.25,21.575,189.75,1.1990521327014219,-38.291491394211334,-2.4908652105004876,2.020895731755445,False,False,1.554465209130048,19525.04149139421,19493.318583995617,19486.75,short,38.291491394211334,a favor,en contra,a favor,a favor,mixta,alto,alto,alto,medio,medio,alto,365.0,0.021917808219178082,-1.0,alta,lateral,a favor del día
B_completo,2025-05-01,MNQ,1,2,2025-05-01 13:36:00,20012.5,2025-05-01 13:41:00,19984.5,19985.0,20067.5,stop,-112.0,3.16,-115.16,110.0,-1.047,6,vwap_liq_rejection_long,109.5,11.0,267.25,2.4406392694063928,27.69904649817545,0.3693759059715376,19.972633434728778,True,False,1.3742223201013049,19984.550953501825,19953.11528408456,20012.25,long,27.69904649817545,a favor,a favor,a favor,a favor,a favor,medio,medio,alto,alto,medio,medio,267.25,0.372310570626754,-1.0,alta,mixto,contra el día
B_completo,2025-05-01,MNQ,1,1,2025-05-01 14:10:00,20025.0,2025-05-01 15:11:00,19980.5,19980.75,20113.5,stop,-89.0,1.58,-90.58,88.5,-1.024,62,vwap_liq_rejection_long,109.5,12.7375,267.25,2.4406392694063928,40.255443420766824,0.246896441320132,6.694521085362794,True,False,1.2924559739560637,19984.244556579233,19961.840848467335,20024.5,long,40.255443420766824,a favor,a favor,a favor,a favor,a favor,medio,medio,alto,alto,medio,medio,267.25,0.372310570626754,-1.0,alta,mixto,contra el día
B_completo,2025-05-02,MNQ,1,1,2025-05-02 10:04:00,20105.0,2025-05-02 12:02:00,20207.0,20054.0,20207.0,target,204.0,1.58,202.42,102.0,1.985,119,vwap_liq_rejection_long,105.5,27.575,105.5,1.0,24.70697343570282,-1.2628889492843882,22.433857645675744,False,True,1.5101313076908789,20079.293026564297,20013.89592226187,20104.0,long,24.70697343570282,en contra,a favor,a favor,a favor,en contra,medio,alto,bajo,bajo,medio,medio,257.5,0.38058252427184464,1.0,media,mixto,a favor del día
B_completo,2025-05-05,MNQ,-1,1,2025-05-05 10:36:00,20018.0,2025-05-05 10:40:00,20072.5,20072.25,19909.5,stop,-109.0,1.58,-110.58,108.5,-1.019,5,vwap_liq_rejection_short,86.0,19.825,125.75,1.4622093023255813,-29.619029503428465,-0.19884523657674436,-26.3582809775653,False,True,1.3558242346256257,20048.11902950343,20134.016780738715,20018.5,short,29.619029503428465,a favor,a favor,a favor,a favor,a favor,bajo,alto,medio,alto,medio,medio,206.0,0.19053398058252427,1.0,media,lateral,contra el día
B_completo,2025-05-06,MNQ,1,2,2025-05-06 14:48:00,19932.0,2025-05-06 14:52:00,19910.0,19910.5,19975.0,stop,-88.0,3.16,-91.16,86.0,-1.06,5,vwap_liq_rejection_long,117.75,10.2,288.75,2.4522292993630574,50.843305693240836,0.842937213343248,5.727644938851881,True,False,1.194764515046426,19881.15669430676,19905.91816555501,19932.0,long,50.843305693240836,a favor,a favor,a favor,a favor,a favor,medio,medio,alto,alto,alto,bajo,288.75,0.43722943722943725,1.0,alta,mixto,a favor del día
B_completo,2025-05-06,MNQ,1,2,2025-05-06 14:54:00,19929.5,2025-05-06 15:50:00,19956.0,19906.0,19976.5,session_flatten,106.0,3.16,102.84,94.0,1.094,57,vwap_liq_rejection_long,117.75,11.1625,288.75,2.4522292993630574,46.93309375471654,0.7188382265849214,6.700732120923931,True,True,1.1723874070835156,19881.566906245283,19906.978686868286,19928.5,long,46.93309375471654,a favor,a favor,a favor,a favor,mixta,medio,medio,alto,alto,alto,bajo,288.75,0.43722943722943725,1.0,alta,mixto,a favor del día
B_completo,2025-05-07,MNQ,1,2,2025-05-07 10:08:00,19934.5,2025-05-07 10:51:00,19907.5,19907.75,19988.0,stop,-108.0,3.16,-111.16,107.0,-1.039,44,vwap_liq_rejection_long,84.75,22.225,86.75,1.0235988200589972,28.205289561945392,6.595926978683565,-1.872351433703443,True,False,1.1236557885651637,19905.544710438055,19919.022702092876,19933.75,long,28.205289561945392,a favor,en contra,a favor,a favor,a favor,bajo,alto,bajo,bajo,medio,bajo,376.5,0.16600265604249667,1.0,alta,lateral,a favor del día
B_completo,2025-05-07,MNQ,1,2,2025-05-07 13:25:00,19901.5,2025-05-07 13:36:00,19878.5,19878.75,19947.0,stop,-92.0,3.16,-95.16,91.0,-1.046,12,vwap_liq_rejection_long,84.75,9.4125,193.0,2.2772861356932155,25.764674218145956,0.5648731165783829,9.705237535512424,True,True,1.3817093957630362,19874.735325781854,19874.512553753055,19900.5,long,25.764674218145956,a favor,a favor,a favor,a favor,mixta,bajo,bajo,alto,alto,medio,medio,376.5,0.16600265604249667,1.0,alta,lateral,a favor del día
B_completo,2025-05-07,MNQ,-1,1,2025-05-07 13:52:00,19870.5,2025-05-07 14:07:00,19783.5,19914.0,19783.5,target,174.0,1.58,172.42,87.0,1.982,16,vwap_liq_rejection_short,84.75,10.625,193.0,2.2772861356932155,-4.005404952698882,-0.09593544631934492,2.0435289835186268,False,True,1.1286821705426358,19875.0054049527,19876.027133849035,19871.0,short,4.005404952698882,a favor,en contra,a favor,a favor,a favor,bajo,medio,alto,alto,bajo,bajo,376.5,0.16600265604249667,1.0,alta,lateral,contra el día
B_completo,2025-05-14,MNQ,1,1,2025-05-14 10:15:00,21346.0,2025-05-14 11:05:00,21295.0,21295.5,21447.0,stop,-102.0,1.58,-103.58,101.0,-1.026,51,vwap_liq_rejection_long,132.0,23.4875,132.0,1.0,11.409748161764583,-0.7680781270792068,2.8523147273808718,True,False,1.150520557614258,21334.090251838235,21310.622437483114,21345.5,long,11.409748161764583,en contra,a favor,a favor,a favor,a favor,medio,alto,medio,bajo,bajo,bajo,147.0,0.5,1.0,baja,tendencial,a favor del día
B_completo,2025-05-14,MNQ,-1,1,2025-05-14 13:18:00,21326.0,2025-05-14 13:52:00,21367.0,21366.75,21244.5,stop,-82.0,1.58,-83.58,81.5,-1.026,35,vwap_liq_rejection_short,132.0,10.825,147.0,1.1136363636363635,-21.058955414500815,-0.04857821496625547,0.5498151871179289,False,True,2.0760820167348357,21346.8089554145,21357.06203520493,21325.75,short,21.058955414500815,a favor,en contra,a favor,a favor,a favor,medio,medio,medio,medio,bajo,alto,147.0,0.5,1.0,baja,tendencial,contra el día
B_completo,2025-05-14,MNQ,1,3,2025-05-14 14:07:00,21369.5,2025-05-14 14:11:00,21350.0,21350.5,21407.5,stop,-117.0,4.74,-121.74,114.0,-1.068,5,vwap_liq_rejection_long,132.0,9.65,147.0,1.1136363636363635,24.297080256463232,0.27506178147450555,0.7222767323437438,True,False,1.5652336332223016,21344.702919743537,21350.159218644043,21369.0,long,24.297080256463232,a favor,a favor,a favor,a favor,a favor,medio,bajo,medio,medio,bajo,alto,147.0,0.5,1.0,baja,tendencial,a favor del día
B_completo,2025-05-15,MNQ,-1,1,2025-05-15 10:18:00,21293.0,2025-05-15 11:01:00,21337.5,21337.0,21205.0,stop,-89.0,1.58,-90.58,88.0,-1.029,44,vwap_liq_rejection_short,91.25,20.125,98.75,1.082191780821918,-9.48136808765048,-0.5968104739840783,-12.763333527178474,False,False,1.333002649819212,21301.98136808765,21337.67194280277,21292.5,short,9.48136808765048,a favor,a favor,a favor,a favor,mixta,bajo,alto,bajo,bajo,bajo,medio,281.5,0.33570159857904086,1.0,alta,mixto,contra el día
B_completo,2025-05-16,MNQ,1,1,2025-05-16 10:09:00,21438.0,2025-05-16 10:35:00,21388.5,21389.0,21536.0,stop,-99.0,1.58,-100.58,98.0,-1.026,27,vwap_liq_rejection_long,95.0,20.5,95.0,1.0,11.339211913924373,-0.6977182585251285,4.392937336622708,False,False,1.3422743783179658,21426.410788086076,21413.91227466633,21437.75,long,11.339211913924373,en contra,a favor,a favor,a favor,mixta,bajo,alto,bajo,bajo,bajo,medio,188.75,0.10463576158940398,1.0,media,lateral,a favor del día
B_completo,2025-05-16,MNQ,1,3,2025-05-16 13:15:00,21448.5,2025-05-16 14:52:00,21490.0,21427.75,21490.0,target,249.0,4.74,244.26,124.5,1.962,98,vwap_liq_rejection_long,95.0,8.05,163.75,1.7236842105263157,34.293679530208465,0.5213831327710068,3.972910794080235,True,False,1.628551341962698,21413.45632046979,21421.75353429759,21447.75,long,34.293679530208465,a favor,a favor,a favor,a favor,a favor,bajo,bajo,medio,alto,medio,alto,188.75,0.10463576158940398,1.0,media,lateral,a favor del día
B_completo,2025-05-20,MNQ,1,5,2025-05-20 13:02:00,21464.5,2025-05-20 13:20:00,21453.0,21453.25,21487.0,stop,-115.0,7.9,-122.9,112.5,-1.092,19,vwap_liq_rejection_long,85.75,7.8875,118.75,1.3848396501457727,49.437784612986434,1.1059430835957755,8.099291472284676,True,False,1.451929912599841,21414.312215387014,21436.11015208059,21463.75,long,49.437784612986434,a favor,a favor,a favor,a favor,a favor,bajo,bajo,bajo,medio,alto,medio,175.75,0.14509246088193456,1.0,baja,lateral,a favor del día
B_completo,2025-05-21,MNQ,1,2,2025-05-21 10:28:00,21398.5,2025-05-21 10:35:00,21375.5,21376.0,21443.5,stop,-92.0,3.16,-95.16,90.0,-1.057,8,vwap_liq_rejection_long,131.75,15.875,167.25,1.269449715370019,28.0284047776222,3.1263399270719674,0.7702215442004672,False,False,1.5369264910801839,21370.471595222378,21390.38245087291,21398.5,long,28.0284047776222,a favor,a favor,a favor,a favor,mixta,medio,alto,medio,medio,medio,alto,486.75,0.21263482280431434,-1.0,alta,lateral,contra el día
B_completo,2025-05-21,MNQ,1,1,2025-05-21 10:54:00,21416.0,2025-05-21 11:09:00,21500.0,21374.0,21500.0,target,168.0,1.58,166.42,84.0,1.981,16,vwap_liq_rejection_long,131.75,16.2625,167.25,1.269449715370019,39.05251970126119,2.2920310061199416,1.2037571211949398,True,False,1.119404128798909,21376.94748029874,21391.48709042287,21416.0,long,39.05251970126119,a favor,a favor,a favor,a favor,a favor,medio,alto,medio,medio,medio,bajo,486.75,0.21263482280431434,-1.0,alta,lateral,contra el día
B_completo,2025-05-22,MNQ,1,1,2025-05-22 13:46:00,21289.5,2025-05-22 15:46:00,21248.0,21248.25,21372.0,stop,-83.0,1.58,-84.58,82.5,-1.025,121,vwap_liq_rejection_long,177.5,11.825,216.5,1.2197183098591549,50.69442198435354,0.5755366731900722,3.3483606348308967,True,False,1.860667996011964,21237.555578015646,21247.73529969153,21288.25,long,50.69442198435354,a favor,a favor,a favor,a favor,a favor,alto,medio,alto,medio,alto,alto,224.0,0.030133928571428572,1.0,media,lateral,a favor del día
B_completo,2025-05-28,MNQ,-1,1,2025-05-28 10:23:00,21446.5,2025-05-28 12:38:00,21481.5,21481.25,21377.0,stop,-70.0,1.58,-71.58,69.5,-1.03,136,vwap_liq_rejection_short,113.25,14.25,121.0,1.0684326710816776,-52.27551502551432,-5.049710984050762,5.260750228364486,False,True,2.0226789777535403,21499.025515025514,21458.322685412575,21446.75,short,52.27551502551432,a favor,en contra,a favor,a favor,a favor,medio,medio,bajo,bajo,alto,alto,215.75,0.5619930475086906,-1.0,media,tendencial,a favor del día
B_completo,2025-05-29,MNQ,-1,1,2025-05-29 13:27:00,21413.5,2025-05-29 14:21:00,21334.0,21453.25,21334.0,target,159.0,1.58,157.42,79.5,1.98,55,vwap_liq_rejection_short,196.25,14.2125,380.75,1.9401273885350319,-51.22719089410748,-0.9310247608991631,0.3601240464631701,False,True,1.3393713372402771,21464.977190894107,21445.724483572078,21413.75,short,51.22719089410748,a favor,en contra,a favor,a favor,a favor,alto,medio,alto,alto,alto,medio,380.75,0.6887721602101117,-1.0,alta,tendencial,a favor del día
B_completo,2025-05-30,MNQ,1,2,2025-05-30 10:49:00,21382.5,2025-05-30 10:54:00,21352.0,21352.5,21442.5,stop,-122.0,3.16,-125.16,120.0,-1.043,6,vwap_liq_rejection_long,156.0,15.1625,164.75,1.0560897435897436,49.47536996537747,4.73223748415694,2.5692419302831695,True,True,1.1338007806852681,21332.274630034623,21369.381213054607,21381.75,long,49.47536996537747,a favor,a favor,a favor,a favor,mixta,alto,alto,medio,bajo,alto,bajo,361.75,0.0691085003455425,1.0,alta,lateral,a favor del día
B_completo,2025-05-30,MNQ,1,1,2025-05-30 15:04:00,21318.0,2025-05-30 15:38:00,21397.5,21278.25,21397.5,target,159.0,1.58,157.42,79.5,1.98,35,vwap_liq_rejection_long,156.0,12.5125,328.0,2.1025641025641026,51.54645415192499,0.7528359174939396,12.733270100619848,True,False,1.6334593892871254,21265.953545848075,21250.944091773294,21317.5,long,51.54645415192499,a favor,a favor,a favor,a favor,a favor,alto,medio,alto,alto,alto,alto,361.75,0.0691085003455425,1.0,alta,lateral,a favor del día
B_completo,2025-06-03,MNQ,1,3,2025-06-03 10:47:00,21619.5,2025-06-03 10:59:00,21657.0,21600.75,21657.0,target,225.0,4.74,220.26,112.5,1.958,13,vwap_liq_rejection_long,96.0,11.375,128.75,1.3411458333333333,34.47291305824547,1.876941120121046,23.55640781940383,False,True,1.225459547330249,21584.777086941755,21542.817974963036,21619.25,long,34.47291305824547,a favor,a favor,a favor,a favor,en contra,medio,medio,medio,medio,medio,bajo,249.75,0.7037037037037037,1.0,media,tendencial,a favor del día
B_completo,2025-06-04,MNQ,1,2,2025-06-04 13:37:00,21783.0,2025-06-04 13:41:00,21761.5,21762.0,21825.0,stop,-86.0,3.16,-89.16,84.0,-1.061,5,vwap_liq_rejection_long,76.75,5.975,152.5,1.986970684039088,42.32333255355843,0.7022205978864804,8.962650485744234,True,True,2.145110410094637,21740.17666744644,21747.447298666313,21782.5,long,42.32333255355843,a favor,a favor,a favor,a favor,mixta,bajo,bajo,medio,alto,medio,alto,161.75,0.26120556414219476,1.0,baja,mixto,a favor del día
B_completo,2025-06-04,MNQ,1,2,2025-06-04 14:15:00,21791.5,2025-06-04 15:41:00,21768.5,21769.0,21836.5,stop,-92.0,3.16,-95.16,90.0,-1.057,87,vwap_liq_rejection_long,76.75,6.7875,158.5,2.0651465798045603,48.525024106591445,0.9801073924390948,9.164503857464297,True,False,1.18964712639552,21743.22497589341,21758.288409764045,21791.75,long,48.525024106591445,a favor,a favor,a favor,a favor,a favor,bajo,bajo,medio,alto,alto,bajo,161.75,0.26120556414219476,1.0,baja,mixto,a favor del día
B_completo,2025-06-05,MNQ,-1,1,2025-06-05 10:11:00,21705.5,2025-06-05 10:24:00,21765.5,21765.25,21586.0,stop,-120.0,1.58,-121.58,119.5,-1.017,14,vwap_liq_rejection_short,148.25,22.1125,148.25,1.0,-48.85186475868613,-4.279223686808109,-9.899650204257341,False,False,1.1826288826634819,21754.601864758686,21766.00919583593,21705.75,short,48.85186475868613,a favor,a favor,a favor,a favor,mixta,alto,alto,medio,bajo,alto,bajo,432.75,0.5638359329867129,-1.0,alta,tendencial,a favor del día
B_completo,2025-06-05,MNQ,-1,1,2025-06-05 13:57:00,21743.5,2025-06-05 14:17:00,21649.0,21790.75,21649.0,target,189.0,1.58,187.42,94.5,1.983,21,vwap_liq_rejection_short,148.25,10.7875,276.25,1.863406408094435,-49.58228725313893,-0.6275681262923172,-8.372853703633155,False,True,2.153574580759047,21793.58228725314,21797.94749055506,21744.0,short,49.58228725313893,a favor,a favor,a favor,a favor,a favor,alto,medio,alto,alto,alto,alto,432.75,0.5638359329867129,-1.0,alta,tendencial,a favor del día
B_completo,2025-06-06,MNQ,1,2,2025-06-06 11:00:00,21833.5,2025-06-06 11:18:00,21809.0,21809.5,21881.5,stop,-98.0,3.16,-101.16,96.0,-1.054,19,vwap_liq_rejection_long,95.5,10.8125,99.75,1.044502617801047,13.736062810061412,0.6379227941288264,17.729472889663157,True,False,1.2069740484019775,21819.26393718994,21769.183129573143,21833.0,long,13.736062810061412,a favor,a favor,a favor,a favor,a favor,medio,medio,bajo,bajo,bajo,bajo,158.5,0.02996845425867508,1.0,baja,lateral,a favor del día
B_completo,2025-06-06,MNQ,1,2,2025-06-06 13:47:00,21818.5,2025-06-06 14:31:00,21867.0,21794.25,21867.0,target,194.0,3.16,190.84,97.0,1.967,45,vwap_liq_rejection_long,95.5,7.9625,148.75,1.557591623036649,13.236118914210238,0.05869100529525895,4.466628522724932,True,False,1.321323986156713,21805.26388108579,21785.320545459028,21818.5,long,13.236118914210238,a favor,a favor,a favor,a favor,a favor,medio,bajo,medio,alto,bajo,medio,158.5,0.02996845425867508,1.0,baja,lateral,a favor del día
B_completo,2025-06-06,MNQ,1,1,2025-06-06 14:35:00,21868.5,2025-06-06 14:43:00,21836.5,21837.0,21931.5,stop,-64.0,1.58,-65.58,63.0,-1.041,9,vwap_liq_rejection_long,95.5,10.15,158.5,1.6596858638743455,58.69268242306862,1.3978814948204672,15.59651411663799,True,True,2.100507870591206,21809.05731757693,21807.331085589896,21867.75,long,58.69268242306862,a favor,a favor,a favor,a favor,mixta,medio,bajo,medio,alto,alto,alto,158.5,0.02996845425867508,1.0,baja,lateral,a favor del día
B_completo,2025-06-09,MNQ,1,1,2025-06-09 10:11:00,21822.5,2025-06-09 15:50:00,21833.0,21782.5,21902.5,session_flatten,21.0,1.58,19.42,80.0,0.243,340,vwap_liq_rejection_long,69.75,13.3875,77.5,1.1111111111111112,30.331125142045494,3.486438355728751,-2.6975612272253784,True,False,1.7577158217370636,21792.418874857955,21808.531627575187,21822.75,long,30.331125142045494,a favor,en contra,a favor,a favor,a favor,bajo,medio,bajo,medio,medio,alto,142.25,0.23550087873462214,1.0,baja,lateral,a favor del día
B_completo,2025-06-10,MNQ,1,4,2025-06-10 10:39:00,21873.5,2025-06-10 10:56:00,21858.5,21858.75,21903.0,stop,-120.0,6.32,-126.32,118.0,-1.071,18,vwap_liq_rejection_long,75.25,9.45,75.25,1.0,12.55155988461047,1.1313530924599036,4.181167854152591,True,False,1.147187375830164,21860.94844011539,21859.41798762404,21873.5,long,12.55155988461047,a favor,a favor,a favor,a favor,a favor,bajo,bajo,bajo,bajo,bajo,bajo,249.25,0.4954864593781344,1.0,media,mixto,a favor del día
B_completo,2025-06-10,MNQ,1,2,2025-06-10 13:12:00,21916.0,2025-06-10 13:29:00,21893.0,21893.5,21961.0,stop,-92.0,3.16,-95.16,90.0,-1.057,18,vwap_liq_rejection_long,75.25,6.25,176.75,2.3488372093023258,55.85216846205731,1.1053204099589493,8.962243794037931,True,False,2.390737549162579,21859.897831537943,21879.517790338883,21915.75,long,55.85216846205731,a favor,a favor,a favor,a favor,a favor,bajo,bajo,alto,alto,alto,alto,249.25,0.4954864593781344,1.0,media,mixto,a favor del día
B_completo,2025-06-11,MNQ,1,1,2025-06-11 10:11:00,22000.5,2025-06-11 11:01:00,22065.5,21968.0,22065.5,target,130.0,1.58,128.42,65.0,1.976,51,vwap_liq_rejection_long,109.75,15.9125,109.75,1.0,23.60635360354354,2.7634489053016296,14.232710002183012,True,False,1.3198165847190764,21976.143646396456,21937.624222123402,21999.75,long,23.60635360354354,a favor,a favor,a favor,a favor,a favor,medio,alto,bajo,bajo,bajo,medio,276.5,0.5054249547920434,-1.0,alta,tendencial,contra el día
B_completo,2025-06-11,MNQ,1,1,2025-06-11 13:11:00,22015.0,2025-06-11 13:44:00,21966.5,21966.75,22111.5,stop,-97.0,1.58,-98.58,96.5,-1.022,34,vwap_liq_rejection_long,109.75,9.55,159.5,1.4533029612756265,20.299476343039714,0.11046823720243992,-0.9027869083511177,True,False,1.249562366720774,21995.20052365696,21985.64564580981,22015.5,long,20.299476343039714,a favor,en contra,a favor,a favor,a favor,medio,bajo,medio,alto,bajo,bajo,276.5,0.5054249547920434,-1.0,alta,tendencial,contra el día
B_completo,2025-06-12,MNQ,1,1,2025-06-12 10:09:00,22117.0,2025-06-12 15:50:00,22128.0,22064.5,22222.0,session_flatten,22.0,1.58,20.42,105.0,0.194,333,vwap_liq_rejection_long,73.5,14.325,84.75,1.153061224489796,23.843098591551097,5.1958697291665885,46.134847809022176,True,False,9.42350332594235,22092.40690140845,21961.21874171127,22116.25,long,23.843098591551097,a favor,a favor,a favor,a favor,a favor,bajo,medio,bajo,medio,bajo,alto,158.75,0.647244094488189,1.0,baja,tendencial,a favor del día
B_completo,2025-06-16,MNQ,1,1,2025-06-16 13:27:00,22190.0,2025-06-16 14:49:00,22147.5,22147.75,22274.5,stop,-85.0,1.58,-86.58,84.5,-1.025,83,vwap_liq_rejection_long,156.25,8.625,212.75,1.3616,32.45154829008243,0.46952258027522475,5.921477641688398,True,True,1.94734538177725,22156.798451709918,22149.034334999706,22189.25,long,32.45154829008243,a favor,a favor,a favor,a favor,mixta,alto,bajo,alto,medio,medio,alto,212.75,0.6063454759106933,1.0,media,tendencial,a favor del día
B_completo,2025-06-18,MNQ,1,2,2025-06-18 10:04:00,22006.5,2025-06-18 10:19:00,22060.5,21979.5,22060.5,target,216.0,3.16,212.84,108.0,1.971,16,vwap_liq_rejection_long,99.25,13.4625,99.25,1.0,26.18937654682668,8.522986444793787,-2.610713959842542,True,False,1.6254492294572698,21979.810623453173,21992.77074539255,22006.0,long,26.18937654682668,a favor,en contra,a favor,a favor,a favor,medio,medio,bajo,bajo,medio,alto,215.75,0.2526071842410197,-1.0,media,mixto,contra el día
B_completo,2025-06-18,MNQ,1,1,2025-06-18 14:02:00,22060.0,2025-06-18 14:03:00,22006.0,22006.25,22167.5,stop,-108.0,1.58,-109.58,107.5,-1.019,2,vwap_liq_rejection_long,99.25,12.5,172.25,1.7355163727959697,32.33227295948018,0.31407194188432186,-7.632827636494767,True,False,3.4849102773246328,22026.41772704052,22026.12551842382,22058.75,long,32.33227295948018,a favor,en contra,a favor,a favor,a favor,medio,medio,medio,alto,medio,alto,215.75,0.2526071842410197,-1.0,media,mixto,contra el día
B_completo,2025-06-18,MNQ,1,1,2025-06-18 14:35:00,22049.0,2025-06-18 14:36:00,21994.5,21994.75,22157.5,stop,-109.0,1.58,-110.58,108.5,-1.019,2,vwap_liq_rejection_long,99.25,16.8625,172.25,1.7355163727959697,24.49820809510493,-0.3567926629402791,-4.771093556020787,True,False,1.554358832734972,22023.751791904895,22021.106257561867,22048.25,long,24.49820809510493,en contra,en contra,a favor,a favor,a favor,medio,alto,medio,alto,bajo,alto,215.75,0.2526071842410197,-1.0,media,mixto,contra el día
B_completo,2025-06-18,MNQ,1,1,2025-06-18 14:40:00,22037.5,2025-06-18 14:52:00,21992.5,21993.0,22126.5,stop,-90.0,1.58,-91.58,89.0,-1.029,13,vwap_liq_rejection_long,99.25,19.9875,172.25,1.7355163727959697,12.820183714498853,-0.04746410232837661,-3.2181157254635764,True,True,1.218452870055171,22023.6798162855,22021.204018988174,22036.5,long,12.820183714498853,en contra,en contra,a favor,a favor,mixta,medio,alto,medio,alto,bajo,bajo,215.75,0.2526071842410197,-1.0,media,mixto,contra el día
B_completo,2025-06-19,MNQ,-1,1,2025-06-19 10:35:00,21697.5,2025-06-19 10:56:00,21731.0,21730.75,21631.0,stop,-67.0,1.58,-68.58,66.5,-1.031,22,vwap_liq_rejection_short,136.75,8.475,136.75,1.0,-9.745371597007761,0.679473317864904,-51.90513063958497,True,False,1.4596175948176784,21708.245371597008,21858.54380739887,21698.5,short,9.745371597007761,en contra,a favor,a favor,a favor,en contra,alto,bajo,medio,bajo,bajo,medio,136.75,0.5484460694698354,-1.0,baja,tendencial,a favor del día
B_completo,2025-06-24,MNQ,1,1,2025-06-24 10:19:00,22317.0,2025-06-24 13:45:00,22421.5,22264.75,22421.5,target,209.0,1.58,207.42,104.5,1.985,207,vwap_liq_rejection_long,73.25,15.6,73.25,1.0,16.328853579656425,-1.544535308064951,59.308239012909326,False,True,1.155077967762824,22300.421146420344,22129.804737408376,22316.75,long,16.328853579656425,en contra,a favor,a favor,a favor,en contra,bajo,alto,bajo,bajo,bajo,bajo,187.75,0.6857523302263648,1.0,media,tendencial,a favor del día
B_completo,2025-06-25,MNQ,1,1,2025-06-25 10:47:00,22523.0,2025-06-25 10:51:00,22481.0,22481.25,22606.5,stop,-84.0,1.58,-85.58,83.5,-1.025,5,vwap_liq_rejection_long,62.5,12.1,85.5,1.368,15.451580342283705,-0.2024118844565237,12.719297615763935,True,False,1.6124436915258151,22507.048419657716,22458.517262595855,22522.5,long,15.451580342283705,en contra,a favor,a favor,a favor,a favor,bajo,medio,bajo,medio,bajo,alto,160.0,0.278125,-1.0,baja,mixto,contra el día
B_completo,2025-06-27,MNQ,1,1,2025-06-27 10:40:00,22811.5,2025-06-27 10:53:00,22762.0,22762.5,22909.5,stop,-99.0,1.58,-100.58,98.0,-1.026,14,vwap_liq_rejection_long,88.0,12.5625,141.75,1.6107954545454546,46.984775714088755,3.179093133112474,28.200688479613746,False,True,1.9498841206389697,22764.26522428591,22710.94952504986,22811.25,long,46.984775714088755,a favor,a favor,a favor,a favor,en contra,bajo,medio,medio,alto,alto,alto,223.75,0.2111731843575419,1.0,media,lateral,a favor del día
B_completo,2025-06-27,MNQ,-1,2,2025-06-27 14:14:00,22718.5,2025-06-27 14:30:00,22669.0,22743.25,22669.0,target,198.0,3.16,194.84,99.0,1.968,17,vwap_liq_rejection_short,88.0,11.375,141.75,1.6107954545454546,-49.03247765453125,-0.9763962482029456,-11.999439325169078,False,False,1.1104990635672578,22767.78247765453,22762.569679274497,22718.75,short,49.03247765453125,a favor,a favor,a favor,a favor,mixta,bajo,medio,medio,alto,alto,bajo,223.75,0.2111731843575419,1.0,media,lateral,contra el día
B_completo,2025-06-30,MNQ,1,1,2025-06-30 10:13:00,22849.5,2025-06-30 10:22:00,22812.0,22812.25,22924.0,stop,-75.0,1.58,-76.58,74.5,-1.028,10,vwap_liq_rejection_long,80.75,12.9375,80.75,1.0,21.43017844127462,0.8544000654619595,26.00711682432302,True,False,1.6802734004176951,22827.819821558725,22748.90837503228,22849.25,long,21.43017844127462,a favor,a favor,a favor,a favor,a favor,bajo,medio,bajo,bajo,bajo,alto,154.0,0.25487012987012986,1.0,baja,mixto,a favor del día
B_completo,2025-06-30,MNQ,1,1,2025-06-30 10:31:00,22842.5,2025-06-30 11:16:00,22806.5,22806.75,22914.0,stop,-72.0,1.58,-73.58,71.5,-1.029,46,vwap_liq_rejection_long,80.75,11.775,80.75,1.0,13.588502462287579,-0.9727541385946097,23.890680444008467,False,True,1.4601268343494378,22828.161497537712,22762.149683143154,22841.75,long,13.588502462287579,en contra,a favor,a favor,a favor,en contra,bajo,medio,bajo,bajo,bajo,medio,154.0,0.25487012987012986,1.0,baja,mixto,a favor del día
B_completo,2025-06-30,MNQ,-1,3,2025-06-30 13:33:00,22823.5,2025-06-30 13:56:00,22841.0,22840.75,22789.0,stop,-105.0,4.74,-109.74,103.5,-1.06,24,vwap_liq_rejection_short,80.75,6.4,80.75,1.0,-8.327205294208397,-0.027909073542105034,1.8475045744162344,False,True,1.6565481352992193,22832.32720529421,22827.271685419164,22824.0,short,8.327205294208397,a favor,en contra,a favor,a favor,a favor,bajo,bajo,bajo,bajo,bajo,alto,154.0,0.25487012987012986,1.0,baja,mixto,contra el día
B_completo,2025-07-01,MNQ,-1,1,2025-07-01 10:12:00,22790.5,2025-07-01 10:14:00,22821.5,22821.0,22729.5,stop,-62.0,1.58,-63.58,61.0,-1.042,3,vwap_liq_rejection_short,55.25,14.8,55.25,1.0,-18.591690203484177,-1.017295886111242,-9.239215927642363,False,False,1.4554451842957463,22808.841690203484,22835.280840845688,22790.25,short,18.591690203484177,a favor,a favor,a favor,a favor,mixta,bajo,medio,bajo,bajo,bajo,medio,251.25,0.37910447761194027,-1.0,media,mixto,a favor del día
B_completo,2025-07-01,MNQ,-1,2,2025-07-01 14:58:00,22716.0,2025-07-01 15:01:00,22671.0,22738.5,22671.0,target,180.0,3.16,176.84,90.0,1.965,4,vwap_liq_rejection_short,55.25,6.9,251.25,4.547511312217194,-5.0975374406298215,0.03021985595114529,0.591533801114565,False,True,2.0743773456158308,22721.09753744063,22727.264608545007,22716.0,short,5.0975374406298215,en contra,en contra,a favor,a favor,a favor,bajo,bajo,alto,alto,bajo,alto,251.25,0.37910447761194027,-1.0,media,mixto,a favor del día
B_completo,2025-07-02,MNQ,1,3,2025-07-02 10:02:00,22720.5,2025-07-02 10:13:00,22758.0,22701.75,22758.0,target,225.0,4.74,220.26,112.5,1.958,12,vwap_liq_rejection_long,78.25,13.8125,78.25,1.0,23.028896061445266,5.887744825096888,-2.723000635698554,True,False,1.1784944853532267,22696.471103938555,22712.528323343013,22719.5,long,23.028896061445266,a favor,en contra,a favor,a favor,a favor,bajo,medio,bajo,bajo,bajo,bajo,208.25,0.9231692677070829,1.0,media,tendencial,a favor del día
B_completo,2025-07-03,MNQ,1,4,2025-07-03 10:38:00,23056.0,2025-07-03 10:44:00,23041.5,23042.0,23084.0,stop,-116.0,6.32,-122.32,112.0,-1.092,7,vwap_liq_rejection_long,75.0,9.4375,140.75,1.8766666666666667,51.81647934180364,4.355889282425778,46.48912861614372,False,False,1.1491270742122048,23003.433520658196,22921.61012687218,23055.25,long,51.81647934180364,a favor,a favor,a favor,a favor,mixta,bajo,bajo,medio,alto,alto,bajo,171.5,0.7186588921282799,1.0,baja,tendencial,a favor del día
B_completo,2025-07-07,MNQ,-1,1,2025-07-07 10:17:00,22911.0,2025-07-07 10:24:00,22946.0,22945.75,22841.5,stop,-70.0,1.58,-71.58,69.5,-1.03,8,vwap_liq_rejection_short,77.75,13.8625,77.75,1.0,-29.136532180182257,-2.0005741433196818,0.7106542945657566,False,True,1.4724715739078396,22940.136532180182,22937.981551891036,22911.0,short,29.136532180182257,a favor,en contra,a favor,a favor,a favor,bajo,medio,bajo,bajo,medio,medio,197.75,0.35145385587863465,-1.0,media,mixto,a favor del día
B_completo,2025-07-07,MNQ,-1,3,2025-07-07 10:52:00,22917.5,2025-07-07 11:58:00,22935.5,22935.0,22882.5,stop,-108.0,4.74,-112.74,105.0,-1.074,67,vwap_liq_rejection_short,77.75,9.4375,77.75,1.0,-19.09472474233189,-1.1084344261289516,-1.7647272168869677,False,True,1.3563501849568433,22937.844724742332,22936.035124102767,22918.75,short,19.09472474233189,a favor,a favor,a favor,a favor,a favor,bajo,bajo,bajo,bajo,bajo,medio,197.75,0.35145385587863465,-1.0,media,mixto,a favor del día
B_completo,2025-07-07,MNQ,-1,4,2025-07-07 13:01:00,22869.5,2025-07-07 13:03:00,22884.5,22884.0,22840.5,stop,-120.0,6.32,-126.32,116.0,-1.089,3,vwap_liq_rejection_short,77.75,14.9375,144.75,1.8617363344051447,-46.62030061783298,-2.153910038210597,-9.758128551107802,False,True,1.174053071466677,22916.620300617833,22913.980489644448,22870.0,short,46.62030061783298,a favor,a favor,a favor,a favor,a favor,bajo,alto,medio,alto,alto,bajo,197.75,0.35145385587863465,-1.0,media,mixto,a favor del día
B_completo,2025-07-08,MNQ,-1,1,2025-07-08 10:26:00,22859.0,2025-07-08 10:32:00,22897.0,22896.75,22783.5,stop,-76.0,1.58,-77.58,75.5,-1.028,7,vwap_liq_rejection_short,55.0,13.15,85.25,1.55,-38.62695424280173,-3.0566297316618147,2.3781828904720896,False,True,2.322627876627304,22898.1269542428,22879.06803608503,22859.5,short,38.62695424280173,a favor,en contra,a favor,a favor,a favor,bajo,medio,bajo,alto,medio,alto,121.75,0.33880903490759756,-1.0,baja,mixto,a favor del día
B_completo,2025-07-08,MNQ,-1,1,2025-07-08 13:19:00,22886.5,2025-07-08 13:31:00,22920.5,22920.25,22819.0,stop,-68.0,1.58,-69.58,67.5,-1.031,13,vwap_liq_rejection_short,55.0,10.7375,121.75,2.213636363636364,-14.356538259104127,0.0895054154607351,3.1669732458794897,False,True,2.0634968675282224,22901.356538259104,22903.93415943932,22887.0,short,14.356538259104127,en contra,en contra,a favor,a favor,a favor,bajo,medio,bajo,alto,bajo,alto,121.75,0.33880903490759756,-1.0,baja,mixto,a favor del día
B_completo,2025-07-08,MNQ,1,1,2025-07-08 13:58:00,22935.5,2025-07-08 14:46:00,22890.5,22891.0,23024.5,stop,-90.0,1.58,-91.58,89.0,-1.029,49,vwap_liq_rejection_long,55.0,8.125,121.75,2.213636363636364,33.66373789970021,0.37749193256604485,1.45653021920225,True,False,1.187794035133152,22901.5862621003,22904.719914032627,22935.25,long,33.66373789970021,a favor,a favor,a favor,a favor,a favor,bajo,bajo,bajo,alto,medio,bajo,121.75,0.33880903490759756,-1.0,baja,mixto,contra el día
B_completo,2025-07-09,MNQ,1,2,2025-07-09 14:58:00,23035.5,2025-07-09 15:50:00,23045.0,23007.25,23092.0,session_flatten,38.0,3.16,34.84,113.0,0.308,53,vwap_liq_rejection_long,128.75,5.9875,194.25,1.5087378640776699,31.000474612112157,0.2705792445121915,8.31332374746853,True,False,1.531710375091422,23003.749525387888,22994.24652489571,23034.75,long,31.000474612112157,a favor,a favor,a favor,a favor,a favor,medio,bajo,alto,alto,medio,alto,194.25,0.43114543114543114,1.0,media,mixto,a favor del día
B_completo,2025-07-10,MNQ,1,2,2025-07-10 13:56:00,23036.5,2025-07-10 15:50:00,23024.5,23016.0,23077.5,session_flatten,-48.0,3.16,-51.16,82.0,-0.624,115,vwap_liq_rejection_long,147.5,5.45,188.75,1.2796610169491525,53.58281208808694,0.8795501344357035,7.426176985136408,True,False,1.6417910447761193,22982.417187911913,23001.942868465572,23036.0,long,53.58281208808694,a favor,a favor,a favor,a favor,a favor,alto,bajo,alto,medio,alto,alto,188.75,0.3350993377483444,-1.0,media,mixto,contra el día
B_completo,2025-07-11,MNQ,1,3,2025-07-11 13:30:00,23013.5,2025-07-11 13:33:00,22994.0,22994.5,23051.5,stop,-117.0,4.74,-121.74,114.0,-1.068,4,vwap_liq_rejection_long,101.5,6.15,158.75,1.564039408866995,52.687032746645855,0.9416641595125839,7.356964292401244,False,False,1.3072972187227443,22960.562967253354,22988.30178567157,23013.25,long,52.687032746645855,a favor,a favor,a favor,a favor,mixta,medio,bajo,medio,alto,alto,medio,158.75,0.34960629921259845,1.0,baja,mixto,a favor del día
B_completo,2025-07-11,MNQ,1,4,2025-07-11 14:09:00,23007.5,2025-07-11 14:12:00,22992.0,22992.5,23037.5,stop,-124.0,6.32,-130.32,120.0,-1.086,4,vwap_liq_rejection_long,101.5,6.925,158.75,1.564039408866995,43.80145290042856,0.6375054490636103,0.4820857970153156,True,False,1.2230728146697525,22962.94854709957,22989.6598251586,23006.75,long,43.80145290042856,a favor,a favor,a favor,a favor,a favor,medio,bajo,medio,alto,alto,bajo,158.75,0.34960629921259845,1.0,baja,mixto,a favor del día
B_completo,2025-07-11,MNQ,1,5,2025-07-11 14:13:00,23003.0,2025-07-11 14:29:00,22990.5,22990.75,23027.5,stop,-125.0,7.9,-132.9,122.5,-1.085,17,vwap_liq_rejection_long,101.5,7.25,158.75,1.564039408866995,38.65242388978368,0.7811702861727099,1.5302150574716507,True,False,1.504082509669102,22963.347576110216,22990.132673118078,23002.0,long,38.65242388978368,a favor,a favor,a favor,a favor,a favor,medio,bajo,medio,alto,medio,medio,158.75,0.34960629921259845,1.0,baja,mixto,a favor del día
B_completo,2025-07-15,MNQ,1,6,2025-07-15 14:32:00,23174.5,2025-07-15 14:36:00,23164.0,23164.5,23194.5,stop,-126.0,9.48,-135.48,120.0,-1.129,5,vwap_liq_rejection_long,100.0,6.1,140.25,1.4025,24.01723340926401,0.2923233915498713,10.488415581898153,True,False,1.1619038651664235,23149.732766590736,23142.62135928947,23173.75,long,24.01723340926401,a favor,a favor,a favor,a favor,a favor,medio,bajo,medio,alto,bajo,bajo,155.5,0.8295819935691319,-1.0,baja,tendencial,contra el día
B_completo,2025-07-15,MNQ,-1,3,2025-07-15 14:53:00,23143.0,2025-07-15 14:58:00,23110.0,23159.5,23110.0,target,198.0,4.74,193.26,99.0,1.952,6,vwap_liq_rejection_short,100.0,7.0375,140.25,1.4025,-6.176693392433663,0.01959732059549424,5.314662836295611,False,True,1.4837931177963632,23149.926693392434,23145.17845787551,23143.75,short,6.176693392433663,en contra,en contra,a favor,a favor,a favor,medio,bajo,medio,alto,bajo,medio,155.5,0.8295819935691319,-1.0,baja,tendencial,a favor del día
B_completo,2025-07-15,MNQ,-1,1,2025-07-15 14:59:00,23103.5,2025-07-15 15:50:00,23106.0,23159.5,22991.5,session_flatten,-5.0,1.58,-6.58,112.0,-0.059,52,vwap_liq_rejection_short,100.0,8.15,140.25,1.4025,-45.08470647824652,-0.5970788281083514,2.1618769152300956,False,True,2.544120742010162,23149.334706478247,23143.958916311272,23104.25,short,45.08470647824652,a favor,en contra,a favor,a favor,a favor,medio,bajo,medio,alto,alto,alto,155.5,0.8295819935691319,-1.0,baja,tendencial,a favor del día
B_completo,2025-07-16,MNQ,-1,1,2025-07-16 10:16:00,22975.5,2025-07-16 10:23:00,23005.5,23005.0,22916.5,stop,-60.0,1.58,-61.58,59.0,-1.044,8,vwap_liq_rejection_short,131.0,17.125,141.75,1.08206106870229,-29.114687622506608,-7.154391995063634,-33.302145684363495,False,True,1.2125543040573497,23004.614687622507,23076.635870154736,22975.5,short,29.114687622506608,a favor,a favor,a favor,a favor,a favor,medio,alto,medio,bajo,medio,bajo,264.25,0.03405865657521287,1.0,alta,lateral,contra el día
B_completo,2025-07-17,MNQ,1,1,2025-07-17 10:34:00,23165.0,2025-07-17 12:24:00,23268.0,23113.5,23268.0,target,206.0,1.58,204.42,103.0,1.985,111,vwap_liq_rejection_long,92.75,10.8625,109.5,1.1805929919137466,35.255757386890764,1.7694396084407344,19.85040662063693,False,True,1.326818441049987,23129.49424261311,23093.14657072137,23164.75,long,35.255757386890764,a favor,a favor,a favor,a favor,en contra,bajo,medio,bajo,medio,medio,medio,215.25,0.7444831591173054,1.0,media,tendencial,a favor del día
B_completo,2025-07-18,MNQ,-1,1,2025-07-18 10:05:00,23255.0,2025-07-18 12:27:00,23176.5,23294.25,23176.5,target,157.0,1.58,155.42,78.5,1.98,143,vwap_liq_rejection_short,58.75,13.875,58.75,1.0,-23.013613001396152,-3.691722650437441,4.967162440803804,False,True,1.30100866051666,23278.513613001396,23258.023234528977,23255.5,short,23.013613001396152,a favor,en contra,a favor,a favor,a favor,bajo,medio,bajo,bajo,bajo,medio,140.0,0.6035714285714285,-1.0,baja,tendencial,a favor del día
B_completo,2025-07-18,MNQ,-1,2,2025-07-18 13:02:00,23185.5,2025-07-18 13:25:00,23214.0,23213.75,23129.0,stop,-114.0,3.16,-117.16,113.0,-1.037,24,vwap_liq_rejection_short,58.75,9.0,137.0,2.331914893617021,-44.57667236965062,-1.160057369277638,-8.460498731557891,False,False,1.2726762145464756,23230.82667236965,23221.548272767388,23186.25,short,44.57667236965062,a favor,a favor,a favor,a favor,mixta,bajo,bajo,medio,alto,alto,bajo,140.0,0.6035714285714285,-1.0,baja,tendencial,a favor del día
B_completo,2025-07-21,MNQ,1,4,2025-07-21 13:19:00,23416.0,2025-07-21 14:14:00,23402.5,23402.75,23442.5,stop,-108.0,6.32,-114.32,106.0,-1.078,56,vwap_liq_rejection_long,146.5,4.8,175.5,1.1979522184300342,38.30310152887978,0.6153005825108266,11.749733145727077,True,False,1.2131903921834715,23376.94689847112,23374.386834091736,23415.25,long,38.30310152887978,a favor,a favor,a favor,a favor,a favor,alto,bajo,medio,medio,medio,bajo,175.5,0.4843304843304843,1.0,baja,mixto,a favor del día
B_completo,2025-07-23,MNQ,-1,3,2025-07-23 10:11:00,23168.0,2025-07-23 10:17:00,23186.5,23186.0,23132.0,stop,-111.0,4.74,-115.74,108.0,-1.072,7,vwap_liq_rejection_short,102.0,15.9875,114.25,1.1200980392156863,-27.36285183768996,-7.563002669929119,-12.301944076585642,False,True,1.4206392994236208,23195.61285183769,23218.877588989082,23168.25,short,27.36285183768996,a favor,a favor,a favor,a favor,a favor,medio,alto,bajo,medio,medio,medio,181.5,0.22038567493112948,1.0,baja,lateral,contra el día
B_completo,2025-07-23,MNQ,-1,1,2025-07-23 10:36:00,23151.0,2025-07-23 10:56:00,23196.0,23195.75,23061.5,stop,-90.0,1.58,-91.58,89.5,-1.023,21,vwap_liq_rejection_short,102.0,11.775,121.75,1.1936274509803921,-37.81911141981982,-1.525457273262873,-12.560856041724037,True,False,1.774422343410144,23189.06911141982,23208.965240470996,23151.25,short,37.81911141981982,a favor,a favor,a favor,a favor,en contra,medio,medio,bajo,medio,medio,alto,181.5,0.22038567493112948,1.0,baja,lateral,contra el día
B_completo,2025-07-23,MNQ,1,4,2025-07-23 13:05:00,23234.5,2025-07-23 13:13:00,23220.5,23221.0,23261.5,stop,-112.0,6.32,-118.32,108.0,-1.096,9,vwap_liq_rejection_long,102.0,6.4375,151.5,1.4852941176470589,28.324918715501553,0.36828683237035875,2.7717793194024125,True,False,1.459509895398517,23205.9250812845,23216.04334724172,23234.25,long,28.324918715501553,a favor,a favor,a favor,a favor,a favor,medio,bajo,medio,alto,medio,medio,181.5,0.22038567493112948,1.0,baja,lateral,a favor del día
B_completo,2025-07-24,MNQ,1,2,2025-07-24 14:11:00,23407.5,2025-07-24 14:47:00,23379.5,23379.75,23463.0,stop,-112.0,3.16,-115.16,111.0,-1.037,37,vwap_liq_rejection_long,67.25,5.0625,123.25,1.8327137546468402,42.3464045624205,0.6206250602699583,6.678333645184466,True,True,1.306652531142327,23364.90359543758,23374.668211384305,23407.25,long,42.3464045624205,a favor,a favor,a favor,a favor,mixta,bajo,bajo,medio,alto,medio,medio,126.5,0.10474308300395258,1.0,baja,lateral,a favor del día
B_completo,2025-07-25,MNQ,1,1,2025-07-25 10:14:00,23413.5,2025-07-25 12:32:00,23475.5,23382.5,23475.5,target,124.0,1.58,122.42,62.0,1.975,139,vwap_liq_rejection_long,77.75,11.55,85.75,1.1028938906752412,36.35940596993896,5.214891978495871,0.569078362397704,True,False,1.1440025088970398,23377.14059403006,23390.632513590277,23413.5,long,36.35940596993896,a favor,a favor,a favor,a favor,a favor,bajo,medio,bajo,medio,medio,bajo,146.75,0.40034071550255534,1.0,baja,mixto,a favor del día
B_completo,2025-07-29,MNQ,-1,2,2025-07-29 14:27:00,23472.5,2025-07-29 14:39:00,23499.5,23499.0,23419.5,stop,-108.0,3.16,-111.16,106.0,-1.049,13,vwap_liq_rejection_short,96.25,6.9,214.25,2.225974025974026,-58.56486861056328,-0.8515861773666984,-2.158995960071479,False,True,1.3784044136964706,23531.314868610563,23495.904047841705,23472.75,short,58.56486861056328,a favor,a favor,a favor,a favor,a favor,medio,bajo,alto,alto,alto,medio,230.25,0.6894679695982627,-1.0,media,tendencial,a favor del día
B_completo,2025-07-29,MNQ,-1,3,2025-07-29 14:58:00,23475.5,2025-07-29 15:37:00,23440.0,23493.25,23440.0,target,213.0,4.74,208.26,106.5,1.955,40,vwap_liq_rejection_short,96.25,5.8625,214.25,2.225974025974026,-53.82926317206875,-0.5665460178752255,-1.9626023610435368,False,False,1.3646034816247583,23529.57926317207,23493.706081820546,23475.75,short,53.82926317206875,a favor,a favor,a favor,a favor,mixta,medio,bajo,alto,alto,alto,medio,230.25,0.6894679695982627,-1.0,media,tendencial,a favor del día
B_completo,2025-07-30,MNQ,1,1,2025-07-30 10:23:00,23503.5,2025-07-30 14:36:00,23585.0,23462.75,23585.0,target,163.0,1.58,161.42,81.5,1.981,254,vwap_liq_rejection_long,76.25,10.2625,76.25,1.0,15.648714493348962,-0.07349131477894844,0.792463917619898,True,True,1.343778246459777,23487.60128550665,23481.661184482677,23503.25,long,15.648714493348962,en contra,a favor,a favor,a favor,mixta,bajo,medio,bajo,bajo,bajo,medio,234.75,0.014909478168264111,-1.0,media,lateral,contra el día
B_completo,2025-08-04,MNQ,1,2,2025-08-04 10:13:00,23241.5,2025-08-04 10:46:00,23212.0,23212.5,23299.5,stop,-118.0,3.16,-121.16,116.0,-1.044,34,vwap_liq_rejection_long,162.0,14.2875,177.75,1.0972222222222223,53.24228331914492,8.986935323911894,77.74720022328984,True,False,1.1110379953410632,23188.007716680855,23006.485036775586,23241.25,long,53.24228331914492,a favor,a favor,a favor,a favor,a favor,alto,medio,alto,medio,alto,bajo,222.0,0.9594594594594594,1.0,media,tendencial,a favor del día
B_completo,2025-08-04,MNQ,1,5,2025-08-04 13:02:00,23273.0,2025-08-04 13:45:00,23262.0,23262.5,23294.0,stop,-110.0,7.9,-117.9,105.0,-1.123,44,vwap_liq_rejection_long,162.0,6.025,193.75,1.1959876543209877,56.448246973432106,1.2230782550577715,22.779793019137287,True,False,1.307985497815376,23216.051753026568,23202.719888000942,23272.5,long,56.448246973432106,a favor,a favor,a favor,a favor,a favor,alto,bajo,alto,medio,alto,medio,222.0,0.9594594594594594,1.0,media,tendencial,a favor del día
B_completo,2025-08-08,MNQ,1,2,2025-08-08 10:19:00,23648.5,2025-08-08 10:33:00,23695.0,23625.25,23695.0,target,186.0,3.16,182.84,93.0,1.966,15,vwap_liq_rejection_long,119.0,14.2875,148.75,1.25,32.338349808735074,10.881792181931814,50.10746496927459,True,False,1.275411078993508,23615.911650191265,23500.14401518449,23648.25,long,32.338349808735074,a favor,a favor,a favor,a favor,a favor,medio,medio,medio,medio,medio,bajo,194.5,0.8830334190231363,1.0,media,tendencial,a favor del día
B_completo,2025-08-08,MNQ,1,4,2025-08-08 14:58:00,23715.5,2025-08-08 15:31:00,23701.0,23701.5,23743.5,stop,-116.0,6.32,-122.32,112.0,-1.092,34,vwap_liq_rejection_long,119.0,5.4,194.5,1.634453781512605,57.44289822624705,0.6585971594540752,9.962710002160748,True,False,1.185739830129638,23658.057101773753,23681.843592911377,23715.5,long,57.44289822624705,a favor,a favor,a favor,a favor,a favor,medio,bajo,alto,alto,alto,bajo,194.5,0.8830334190231363,1.0,media,tendencial,a favor del día
B_completo,2025-08-11,MNQ,1,1,2025-08-11 10:12:00,23751.0,2025-08-11 13:39:00,23709.5,23709.75,23833.5,stop,-83.0,1.58,-84.58,82.5,-1.025,208,vwap_liq_rejection_long,64.0,12.5375,71.0,1.109375,30.669772296834708,3.4707500610675197,10.193882184325048,True,False,1.3167259786476868,23720.080227703165,23702.941601799215,23750.75,long,30.669772296834708,a favor,a favor,a favor,a favor,a favor,bajo,medio,bajo,medio,medio,medio,217.5,0.4045977011494253,-1.0,media,mixto,contra el día
B_completo,2025-08-11,MNQ,-1,1,2025-08-11 13:40:00,23704.5,2025-08-11 15:47:00,23637.5,23738.0,23637.5,target,134.0,1.58,132.42,67.0,1.976,128,vwap_liq_rejection_short,64.0,7.4125,123.5,1.9296875,-36.07370093446298,-0.5177734733224497,-3.575479659917619,False,True,3.187956427726327,23740.823700934463,23741.888269938572,23704.75,short,36.07370093446298,a favor,a favor,a favor,a favor,a favor,bajo,bajo,medio,alto,medio,alto,217.5,0.4045977011494253,-1.0,media,mixto,a favor del día
B_completo,2025-08-12,MNQ,1,2,2025-08-12 10:50:00,23753.0,2025-08-12 11:06:00,23796.0,23731.5,23796.0,target,172.0,3.16,168.84,86.0,1.963,17,vwap_liq_rejection_long,156.0,14.675,186.5,1.1955128205128205,32.46921898079745,1.821126938379166,14.616359924424614,True,False,1.1826108568233125,23720.780781019203,23710.4694511406,23753.25,long,32.46921898079745,a favor,a favor,a favor,a favor,a favor,alto,medio,alto,medio,medio,bajo,327.25,0.6226126814362108,1.0,alta,tendencial,a favor del día
B_completo,2025-08-14,MNQ,1,2,2025-08-14 10:30:00,23955.0,2025-08-14 11:21:00,23925.5,23926.0,24013.0,stop,-118.0,3.16,-121.16,116.0,-1.044,52,vwap_liq_rejection_long,119.0,13.25,119.0,1.0,38.03219161532252,3.637623880731553,1.458849784314225,True,False,1.1516634383389406,23916.717808384677,23927.180943095344,23954.75,long,38.03219161532252,a favor,a favor,a favor,a favor,a favor,medio,medio,bajo,bajo,medio,bajo,164.25,0.5251141552511416,1.0,baja,tendencial,a favor del día
B_completo,2025-08-15,MNQ,-1,1,2025-08-15 10:47:00,23817.0,2025-08-15 11:45:00,23737.5,23856.75,23737.5,target,159.0,1.58,157.42,79.5,1.98,59,vwap_liq_rejection_short,151.75,15.2875,156.25,1.029654036243822,-23.519945805946918,-0.3479778923574486,-12.27207554629058,False,True,1.86991232335273,23840.519945805947,23883.89726914618,23817.0,short,23.519945805946918,a favor,a favor,a favor,a favor,a favor,alto,alto,medio,bajo,bajo,alto,187.5,0.5933333333333334,-1.0,media,tendencial,a favor del día
B_completo,2025-08-15,MNQ,-1,2,2025-08-15 14:50:00,23798.5,2025-08-15 14:56:00,23820.0,23819.75,23756.0,stop,-86.0,3.16,-89.16,85.0,-1.049,7,vwap_liq_rejection_short,151.75,6.3,187.5,1.2355848434925865,-19.181329830611503,-0.10534914351956104,-0.595436586845608,False,True,2.019174120293503,23817.93132983061,23815.68916828979,23798.75,short,19.181329830611503,a favor,a favor,a favor,a favor,a favor,alto,bajo,alto,medio,bajo,alto,187.5,0.5933333333333334,-1.0,media,tendencial,a favor del día
B_completo,2025-08-15,MNQ,-1,1,2025-08-15 15:05:00,23784.5,2025-08-15 15:42:00,23822.5,23822.25,23709.0,stop,-76.0,1.58,-77.58,75.5,-1.028,38,vwap_liq_rejection_short,151.75,9.5375,187.5,1.2355848434925865,-32.923480367448064,-0.4452082362549845,-1.7930452681648603,False,True,3.145464951652258,23817.423480367448,23814.645370952196,23784.5,short,32.923480367448064,a favor,a favor,a favor,a favor,a favor,alto,bajo,alto,medio,medio,alto,187.5,0.5933333333333334,-1.0,media,tendencial,a favor del día
B_completo,2025-08-18,MNQ,1,1,2025-08-18 13:32:00,23781.5,2025-08-18 13:43:00,23751.5,23751.75,23841.0,stop,-60.0,1.58,-61.58,59.5,-1.035,12,vwap_liq_rejection_long,83.25,5.7875,105.75,1.2702702702702702,13.859011618573277,-0.02963534420632641,-1.3780585101740144,True,False,2.8465398726436972,23767.390988381427,23762.368116215755,23781.25,long,13.859011618573277,en contra,en contra,a favor,a favor,a favor,bajo,bajo,bajo,medio,bajo,alto,105.75,0.44680851063829785,1.0,baja,mixto,a favor del día
B_completo,2025-08-18,MNQ,1,3,2025-08-18 14:33:00,23778.5,2025-08-18 15:50:00,23804.0,23760.5,23814.5,session_flatten,153.0,4.74,148.26,108.0,1.373,78,vwap_liq_rejection_long,83.25,6.35,105.75,1.2702702702702702,10.595554143877962,0.02345843938019243,0.6144653015908261,True,False,1.420249096022499,23767.404445856122,23763.273659360195,23778.0,long,10.595554143877962,a favor,a favor,a favor,a favor,a favor,bajo,bajo,bajo,medio,bajo,medio,105.75,0.44680851063829785,1.0,baja,mixto,a favor del día
B_completo,2025-08-19,MNQ,-1,1,2025-08-19 10:27:00,23679.0,2025-08-19 10:32:00,23614.5,23711.25,23614.5,target,129.0,1.58,127.42,64.5,1.976,6,vwap_liq_rejection_short,131.5,13.9125,131.5,1.0,-13.239563929495489,0.20475256174540846,-15.133084686694929,False,False,1.2737949670153828,23692.989563929495,23743.79805206549,23679.75,short,13.239563929495489,en contra,a favor,a favor,a favor,mixta,medio,medio,medio,bajo,bajo,bajo,345.5,0.8719247467438495,-1.0,alta,tendencial,a favor del día
B_completo,2025-08-20,MNQ,-1,1,2025-08-20 14:24:00,23196.0,2025-08-20 14:40:00,23250.0,23249.75,23088.5,stop,-108.0,1.58,-109.58,107.5,-1.019,17,vwap_liq_rejection_short,286.0,15.6,396.75,1.3872377622377623,-8.83858650707407,0.1743772729751072,-6.103535908940103,False,True,1.480025762555117,23204.588586507074,23249.129429877285,23195.75,short,8.83858650707407,en contra,a favor,a favor,a favor,a favor,alto,alto,alto,alto,bajo,medio,396.75,0.24889729048519219,-1.0,alta,lateral,a favor del día
B_completo,2025-08-21,MNQ,1,1,2025-08-21 15:04:00,23239.5,2025-08-21 15:50:00,23221.5,23202.25,23314.0,session_flatten,-36.0,1.58,-37.58,74.5,-0.504,47,vwap_liq_rejection_long,115.5,10.5375,228.75,1.9805194805194806,7.2890879602200584,-0.1392184036812978,1.3937459100052365,True,False,1.281929491239181,23232.46091203978,23209.33221269953,23239.75,long,7.2890879602200584,en contra,a favor,a favor,a favor,a favor,medio,medio,alto,alto,bajo,medio,228.75,0.2273224043715847,-1.0,media,lateral,contra el día
B_completo,2025-08-25,MNQ,1,1,2025-08-25 10:51:00,23572.5,2025-08-25 15:50:00,23546.5,23531.5,23654.5,session_flatten,-52.0,1.58,-53.58,82.0,-0.653,300,vwap_liq_rejection_long,73.5,12.625,130.0,1.7687074829931972,57.34920058954958,3.736687174765393,-0.25813862983341096,True,False,1.7078231391916772,23514.40079941045,23547.14130842897,23571.75,long,57.34920058954958,a favor,en contra,a favor,a favor,a favor,bajo,medio,medio,alto,alto,alto,171.75,0.07714701601164484,1.0,baja,lateral,a favor del día
B_completo,2025-08-26,MNQ,1,1,2025-08-26 10:46:00,23546.5,2025-08-26 11:10:00,23513.0,23513.5,23612.5,stop,-67.0,1.58,-68.58,66.0,-1.039,25,vwap_liq_rejection_long,91.75,11.2,122.25,1.332425068119891,46.069718373633805,3.1172506608854746,-1.052161367268127,True,False,1.4407860550805422,23499.180281626366,23535.117617986893,23545.25,long,46.069718373633805,a favor,en contra,a favor,a favor,a favor,bajo,medio,bajo,medio,alto,medio,173.25,0.6883116883116883,1.0,baja,tendencial,a favor del día
B_completo,2025-08-26,MNQ,1,5,2025-08-26 14:50:00,23546.5,2025-08-26 15:23:00,23569.0,23535.25,23569.0,target,225.0,7.9,217.1,112.5,1.93,34,vwap_liq_rejection_long,91.75,5.1625,129.5,1.4114441416893733,33.439434381703904,0.4768275492788234,4.010161423826503,True,False,1.3158113615570157,23512.560565618296,23528.893829067827,23546.0,long,33.439434381703904,a favor,a favor,a favor,a favor,a favor,bajo,bajo,medio,alto,medio,medio,173.25,0.6883116883116883,1.0,baja,tendencial,a favor del día
B_completo,2025-08-27,MNQ,1,2,2025-08-27 13:33:00,23607.0,2025-08-27 14:15:00,23649.0,23586.0,23649.0,target,168.0,3.16,164.84,84.0,1.962,43,vwap_liq_rejection_long,76.75,5.65,143.25,1.8664495114006514,35.533624945885094,0.44739741152807255,3.906436718880286,True,True,1.1748404018409462,23571.466375054115,23588.438615840634,23607.0,long,35.533624945885094,a favor,a favor,a favor,a favor,mixta,bajo,bajo,medio,alto,medio,bajo,169.0,0.5739644970414202,1.0,baja,tendencial,a favor del día
B_completo,2025-09-01,MNQ,1,5,2025-09-01 10:22:00,23487.0,2025-09-01 13:00:00,23502.5,23475.0,23511.0,session_flatten,155.0,7.9,147.1,120.0,1.226,159,vwap_liq_rejection_long,51.75,4.1625,51.75,1.0,10.625437054539361,1.3651591972120514,5.563439359317272,False,True,3.226950354609929,23475.87456294546,23472.194938995213,23486.5,long,10.625437054539361,a favor,a favor,a favor,a favor,en contra,bajo,bajo,bajo,bajo,bajo,alto,63.75,0.42745098039215684,1.0,baja,mixto,a favor del día
B_completo,2025-09-02,MNQ,1,1,2025-09-02 13:27:00,23155.0,2025-09-02 15:43:00,23258.5,23103.25,23258.5,target,207.0,1.58,205.42,103.5,1.985,137,vwap_liq_rejection_long,236.0,9.475,255.25,1.0815677966101696,6.368179928889731,-0.265627278960892,-6.371133155804273,True,True,1.5261971830985916,23148.38182007111,23147.34517204533,23154.75,long,6.368179928889731,en contra,en contra,a favor,a favor,mixta,alto,bajo,alto,bajo,bajo,medio,265.0,0.7094339622641509,1.0,alta,tendencial,a favor del día
B_completo,2025-09-03,MNQ,1,1,2025-09-03 10:02:00,23415.5,2025-09-03 10:44:00,23509.0,23368.75,23509.0,target,187.0,1.58,185.42,93.5,1.983,43,vwap_liq_rejection_long,68.25,22.5375,68.25,1.0,17.438746400384844,1.586382338158728,48.98143129058735,True,True,1.7017247210010145,23398.061253599615,23255.617682505228,23415.5,long,17.438746400384844,a favor,a favor,a favor,a favor,mixta,bajo,alto,bajo,bajo,bajo,alto,207.75,0.021660649819494584,1.0,media,lateral,a favor del día
B_completo,2025-09-03,MNQ,1,1,2025-09-03 13:13:00,23452.0,2025-09-03 13:35:00,23408.0,23408.25,23539.5,stop,-88.0,1.58,-89.58,87.5,-1.024,23,vwap_liq_rejection_long,68.25,8.75,156.25,2.2893772893772892,16.923720064816735,-0.05318897924371413,2.8156047743032104,True,False,1.8821147245474974,23435.076279935183,23409.728329319034,23452.0,long,16.923720064816735,en contra,a favor,a favor,a favor,a favor,bajo,bajo,medio,alto,bajo,alto,207.75,0.021660649819494584,1.0,media,lateral,a favor del día
B_completo,2025-09-08,MNQ,-1,2,2025-09-08 13:07:00,23786.0,2025-09-08 13:26:00,23817.0,23816.5,23725.0,stop,-124.0,3.16,-127.16,122.0,-1.042,20,vwap_liq_rejection_short,105.25,9.0125,116.75,1.1092636579572446,-54.32285597770169,-1.1762538805887743,-3.66603900514383,False,True,1.7730478652644261,23840.8228559777,23815.726488542812,23786.5,short,54.32285597770169,a favor,a favor,a favor,a favor,a favor,medio,bajo,bajo,medio,alto,alto,129.5,0.02702702702702703,1.0,baja,lateral,contra el día
B_completo,2025-09-08,MNQ,-1,2,2025-09-08 13:48:00,23794.0,2025-09-08 14:23:00,23818.5,23818.0,23746.0,stop,-98.0,3.16,-101.16,96.0,-1.054,36,vwap_liq_rejection_short,105.25,6.625,116.75,1.1092636579572446,-42.99504947913374,-0.632901657212642,-2.6845306336872454,False,False,1.593984962406015,23837.745049479134,23810.731205604043,23794.75,short,42.99504947913374,a favor,a favor,a favor,a favor,mixta,medio,bajo,bajo,medio,alto,alto,129.5,0.02702702702702703,1.0,baja,lateral,contra el día
B_completo,2025-09-08,MNQ,-1,3,2025-09-08 15:13:00,23780.0,2025-09-08 15:42:00,23798.0,23797.75,23744.5,stop,-108.0,4.74,-112.74,106.5,-1.059,30,vwap_liq_rejection_short,105.25,6.4125,125.75,1.1947743467933492,-51.065915068193135,-0.6441825937945396,-2.7264951732286136,False,True,2.5849887789876154,23831.315915068193,23802.49393677117,23780.25,short,51.065915068193135,a favor,a favor,a favor,a favor,a favor,medio,bajo,medio,medio,alto,alto,129.5,0.02702702702702703,1.0,baja,lateral,contra el día
B_completo,2025-09-09,MNQ,-1,1,2025-09-09 10:33:00,23795.0,2025-09-09 12:17:00,23830.0,23829.75,23725.5,stop,-70.0,1.58,-71.58,69.5,-1.03,105,vwap_liq_rejection_short,56.5,12.8625,76.75,1.3584070796460177,-26.55439539459985,-1.3498883410538838,3.3162310425759642,False,False,1.1900955014908603,23821.3043953946,23807.73595218467,23794.75,short,26.55439539459985,a favor,en contra,a favor,a favor,mixta,bajo,medio,bajo,medio,medio,bajo,161.25,0.29147286821705426,1.0,baja,mixto,contra el día
B_completo,2025-09-09,MNQ,1,3,2025-09-09 15:04:00,23845.5,2025-09-09 15:50:00,23850.5,23826.25,23884.0,session_flatten,30.0,4.74,25.26,115.5,0.219,47,vwap_liq_rejection_long,56.5,5.0875,131.25,2.3230088495575223,39.70645968871395,0.38302266216487624,3.6354825345333666,True,False,1.1238544696262964,23806.043540311286,23827.595647214705,23845.75,long,39.70645968871395,a favor,a favor,a favor,a favor,a favor,bajo,bajo,medio,alto,medio,bajo,161.25,0.29147286821705426,1.0,baja,mixto,a favor del día
B_completo,2025-09-10,MNQ,1,1,2025-09-10 10:03:00,23952.0,2025-09-10 12:24:00,23904.0,23904.25,24047.5,stop,-96.0,1.58,-97.58,95.5,-1.022,142,vwap_liq_rejection_long,110.0,20.625,110.0,1.0,12.713995825415623,-3.0330522033764282,24.09596600973964,False,True,1.1360751035680878,23938.786004174584,23866.599677852893,23951.5,long,12.713995825415623,en contra,a favor,a favor,a favor,en contra,medio,alto,bajo,bajo,bajo,bajo,219.25,0.5324971493728621,-1.0,media,tendencial,contra el día
B_completo,2025-09-10,MNQ,-1,1,2025-09-10 13:24:00,23897.0,2025-09-10 15:10:00,23824.5,23933.25,23824.5,target,145.0,1.58,143.42,72.5,1.978,107,vwap_liq_rejection_short,110.0,7.35,110.0,1.0,-48.692961386739626,-0.8239832314538944,-1.1604522801972053,False,True,2.0658571861020483,23945.69296138674,23924.85319381903,23897.0,short,48.692961386739626,a favor,a favor,a favor,a favor,a favor,medio,bajo,bajo,bajo,alto,alto,219.25,0.5324971493728621,-1.0,media,tendencial,a favor del día
B_completo,2025-09-11,MNQ,1,1,2025-09-11 10:08:00,24225.0,2025-09-11 10:15:00,24191.0,24191.25,24292.5,stop,-68.0,1.58,-69.58,67.5,-1.031,8,vwap_liq_rejection_long,86.75,14.0625,88.5,1.0201729106628241,29.83854166666788,3.6088478915662563,76.63497669655408,True,False,2.598794373744139,24196.411458333332,23971.61105728111,24226.25,long,29.83854166666788,a favor,a favor,a favor,a favor,a favor,bajo,medio,bajo,bajo,medio,alto,137.5,0.4109090909090909,1.0,baja,mixto,a favor del día
B_completo,2025-09-11,MNQ,1,2,2025-09-11 10:19:00,24206.5,2025-09-11 10:20:00,24179.0,24179.5,24260.5,stop,-110.0,3.16,-113.16,108.0,-1.048,2,vwap_liq_rejection_long,86.75,13.4625,89.75,1.0345821325648414,4.900660369108664,1.1668284434636007,72.58102679803778,True,False,1.337579617834395,24198.34933963089,23995.876526592754,24203.25,long,4.900660369108664,a favor,a favor,a favor,a favor,a favor,bajo,medio,bajo,bajo,bajo,medio,137.5,0.4109090909090909,1.0,baja,mixto,a favor del día
B_completo,2025-09-11,MNQ,1,1,2025-09-11 10:34:00,24209.5,2025-09-11 11:19:00,24266.0,24181.25,24266.0,target,113.0,1.58,111.42,56.5,1.972,46,vwap_liq_rejection_long,86.75,11.9875,89.75,1.0345821325648414,15.312598363238067,0.17381811388986534,61.96383555518332,False,True,2.066115702479339,24198.187401636762,24023.603550978267,24213.5,long,15.312598363238067,a favor,a favor,a favor,a favor,en contra,bajo,medio,bajo,bajo,bajo,alto,137.5,0.4109090909090909,1.0,baja,mixto,a favor del día
B_completo,2025-09-11,MNQ,1,7,2025-09-11 14:13:00,24259.5,2025-09-11 14:15:00,24252.0,24252.5,24273.5,stop,-105.0,11.06,-116.06,98.0,-1.184,3,vwap_liq_rejection_long,86.75,4.4625,137.5,1.585014409221902,30.39393390674377,0.5284165008852142,9.6771071844596,True,False,1.3333333333333333,24230.356066093256,24225.83060426626,24260.75,long,30.39393390674377,a favor,a favor,a favor,a favor,a favor,bajo,bajo,medio,alto,medio,medio,137.5,0.4109090909090909,1.0,baja,mixto,a favor del día
B_completo,2025-09-12,MNQ,1,1,2025-09-12 10:23:00,24304.0,2025-09-12 14:53:00,24393.0,24259.5,24393.0,target,178.0,1.58,176.42,89.0,1.982,271,vwap_liq_rejection_long,61.5,9.45,72.0,1.170731707317073,30.77246461975301,3.3668667379060935,7.153841795476183,True,False,4.071069911162612,24272.227535380247,24258.508731318074,24303.0,long,30.77246461975301,a favor,a favor,a favor,a favor,a favor,bajo,bajo,bajo,medio,medio,alto,161.25,0.5364341085271318,1.0,baja,tendencial,a favor del día
B_completo,2025-09-15,MNQ,1,3,2025-09-15 10:27:00,24486.5,2025-09-15 11:50:00,24518.5,24470.5,24518.5,target,192.0,4.74,187.26,96.0,1.951,84,vwap_liq_rejection_long,84.75,8.7375,94.25,1.112094395280236,16.71951245254604,1.548458271434356,28.800842192005803,False,True,1.3322098167263534,24469.280487547454,24407.002395160955,24486.0,long,16.71951245254604,a favor,a favor,a favor,a favor,en contra,bajo,bajo,bajo,medio,bajo,medio,133.75,0.9476635514018692,1.0,baja,tendencial,a favor del día
B_completo,2025-09-17,MNQ,-1,1,2025-09-17 10:30:00,24438.5,2025-09-17 14:01:00,24475.0,24474.5,24366.5,stop,-73.0,1.58,-74.58,72.0,-1.036,212,vwap_liq_rejection_short,78.75,9.9375,103.75,1.3174603174603174,-45.542291071593354,-3.229624856798182,-16.098332802059304,False,True,1.3624661398285165,24484.292291071593,24509.685845259246,24438.75,short,45.542291071593354,a favor,a favor,a favor,a favor,a favor,bajo,bajo,bajo,medio,alto,medio,309.0,0.2127831715210356,-1.0,alta,lateral,a favor del día
B_completo,2025-09-18,MNQ,1,5,2025-09-18 13:02:00,24790.5,2025-09-18 13:20:00,24780.0,24780.25,24811.0,stop,-105.0,7.9,-112.9,102.5,-1.101,19,vwap_liq_rejection_long,114.75,5.2,217.0,1.8910675381263617,57.682947422017605,0.7000542572750419,20.793331472785212,True,False,1.1804326730977794,24732.567052577982,24726.355600216797,24790.25,long,57.682947422017605,a favor,a favor,a favor,a favor,a favor,medio,bajo,alto,alto,alto,bajo,217.0,0.15092165898617513,1.0,media,lateral,a favor del día
B_completo,2025-09-19,MNQ,-1,1,2025-09-19 10:46:00,24753.0,2025-09-19 12:04:00,24792.0,24791.5,24676.0,stop,-78.0,1.58,-79.58,77.0,-1.034,79,vwap_liq_rejection_short,78.75,9.725,78.75,1.0,-23.07493269790575,-0.7868318992659624,5.852012854888017,False,True,1.1038081580624601,24776.574932697906,24758.256858378998,24753.5,short,23.07493269790575,a favor,en contra,a favor,a favor,a favor,bajo,bajo,bajo,bajo,bajo,bajo,180.0,0.5791666666666667,1.0,baja,tendencial,contra el día
B_completo,2025-09-19,MNQ,1,2,2025-09-19 13:47:00,24828.5,2025-09-19 14:26:00,24806.0,24806.5,24872.5,stop,-90.0,3.16,-93.16,88.0,-1.059,40,vwap_liq_rejection_long,78.75,6.025,126.5,1.6063492063492064,52.8811072682729,0.6930467792408308,7.14933153919992,True,False,1.414060625449892,24775.368892731727,24791.111133261184,24828.25,long,52.8811072682729,a favor,a favor,a favor,a favor,a favor,bajo,bajo,medio,alto,alto,medio,180.0,0.5791666666666667,1.0,baja,tendencial,a favor del día
B_completo,2025-09-22,MNQ,1,3,2025-09-22 10:18:00,24872.0,2025-09-22 10:37:00,24908.5,24853.75,24908.5,target,219.0,4.74,214.26,109.5,1.957,20,vwap_liq_rejection_long,66.25,9.9875,74.75,1.1283018867924528,15.63073480726598,2.347745719656814,11.343533037103043,True,False,1.1271191703409302,24855.619265192734,24836.88160789108,24871.25,long,15.63073480726598,a favor,a favor,a favor,a favor,a favor,bajo,bajo,bajo,medio,bajo,bajo,213.0,0.8650234741784038,1.0,media,tendencial,a favor del día
B_completo,2025-09-23,MNQ,-1,1,2025-09-23 10:02:00,24932.5,2025-09-23 10:42:00,24973.0,24972.5,24852.5,stop,-81.0,1.58,-82.58,80.0,-1.032,41,vwap_liq_rejection_short,77.25,13.475,80.25,1.0388349514563107,-32.78996413164714,-7.053088326698344,-7.74994661924211,False,True,1.3294567644652768,24965.789964131647,24983.290262592946,24933.0,short,32.78996413164714,a favor,a favor,a favor,a favor,a favor,bajo,medio,bajo,bajo,medio,medio,230.5,0.764642082429501,-1.0,media,tendencial,a favor del día
B_completo,2025-09-23,MNQ,-1,1,2025-09-23 13:02:00,24919.5,2025-09-23 13:36:00,24853.0,24952.75,24853.0,target,133.0,1.58,131.42,66.5,1.976,35,vwap_liq_rejection_short,77.25,7.925,94.75,1.226537216828479,-31.691954327710846,-0.7206750060649938,-4.603962046247034,True,True,1.2125789203395463,24951.44195432771,24949.66545428606,24919.75,short,31.691954327710846,a favor,a favor,a favor,a favor,mixta,bajo,bajo,bajo,medio,medio,bajo,230.5,0.764642082429501,-1.0,media,tendencial,a favor del día
B_completo,2025-09-24,MNQ,-1,1,2025-09-24 10:35:00,24794.0,2025-09-24 10:50:00,24829.0,24828.75,24724.5,stop,-70.0,1.58,-71.58,69.5,-1.03,16,vwap_liq_rejection_short,114.25,11.325,114.25,1.0,-32.26712498386405,-1.5108062773797428,-4.737219567788998,False,True,1.9797889372837296,24826.767124983864,24833.481270032888,24794.5,short,32.26712498386405,a favor,a favor,a favor,a favor,a favor,medio,medio,bajo,bajo,medio,alto,271.25,0.504147465437788,-1.0,alta,tendencial,a favor del día
B_completo,2025-09-25,MNQ,1,2,2025-09-25 15:13:00,24632.5,2025-09-25 15:17:00,24610.5,24610.75,24676.0,stop,-88.0,3.16,-91.16,87.0,-1.048,5,vwap_liq_rejection_long,159.75,11.5625,275.0,1.7214397496087637,51.345639913266496,0.7159961299294082,7.415734483482083,False,False,1.108709472345836,24580.654360086734,24601.53453390225,24632.0,long,51.345639913266496,a favor,a favor,a favor,a favor,mixta,alto,medio,alto,alto,alto,bajo,275.0,0.18727272727272729,1.0,alta,lateral,a favor del día
B_completo,2025-09-26,MNQ,1,1,2025-09-26 10:02:00,24722.5,2025-09-26 10:06:00,24670.5,24671.0,24825.5,stop,-104.0,1.58,-105.58,103.0,-1.025,5,vwap_liq_rejection_long,119.25,21.4875,133.75,1.121593291404612,42.67856702382778,3.931855570524931,21.545854255888116,True,False,1.342865281593722,24679.321432976172,24626.822097969485,24722.0,long,42.67856702382778,a favor,a favor,a favor,a favor,a favor,medio,alto,medio,medio,alto,medio,217.0,0.31682027649769584,1.0,media,mixto,a favor del día
B_completo,2025-09-29,MNQ,1,1,2025-09-29 10:24:00,24952.5,2025-09-29 11:11:00,24916.0,24916.25,25025.0,stop,-73.0,1.58,-74.58,72.5,-1.029,48,vwap_liq_rejection_long,109.25,13.825,129.25,1.1830663615560641,31.56450445590599,3.5186875452127424,52.41011017681376,True,True,1.1123909420645035,24920.185495544094,24794.27454115106,24951.75,long,31.56450445590599,a favor,a favor,a favor,a favor,mixta,medio,medio,medio,medio,medio,bajo,194.5,0.12853470437017994,-1.0,media,lateral,contra el día
B_completo,2025-09-30,MNQ,-1,3,2025-09-30 13:38:00,24737.0,2025-09-30 13:42:00,24755.5,24755.0,24701.0,stop,-111.0,4.74,-115.74,108.0,-1.072,5,vwap_liq_rejection_short,108.25,9.975,141.5,1.3071593533487298,-52.24122433066441,-1.4070928293222096,-12.804920295693591,False,True,1.8403769274700172,24789.741224330664,24790.096302288148,24737.5,short,52.24122433066441,a favor,a favor,a favor,a favor,a favor,medio,bajo,medio,medio,alto,alto,191.25,0.46797385620915033,1.0,media,mixto,contra el día
B_completo,2025-09-30,MNQ,1,1,2025-09-30 14:12:00,24801.0,2025-09-30 15:50:00,24881.0,24761.0,24881.0,target,160.0,1.58,158.42,80.0,1.98,99,vwap_liq_rejection_long,108.25,9.2,141.5,1.3071593533487298,12.29955206431623,-0.18923895241459832,-3.449955156451324,True,False,1.770921176645667,24788.450447935684,24784.840958444125,24800.75,long,12.29955206431623,en contra,en contra,a favor,a favor,a favor,medio,bajo,medio,medio,bajo,alto,191.25,0.46797385620915033,1.0,media,mixto,a favor del día
B_completo,2025-10-02,MNQ,-1,1,2025-10-02 10:52:00,25033.5,2025-10-02 13:26:00,25090.5,25090.0,24920.5,stop,-114.0,1.58,-115.58,113.0,-1.023,155,vwap_liq_rejection_short,154.75,14.8,154.75,1.0,-35.41705414743046,-2.188242649910535,11.255933689775702,False,True,1.198717158011595,25068.91705414743,25035.675951164412,25033.5,short,35.41705414743046,a favor,en contra,a favor,a favor,a favor,alto,medio,medio,bajo,medio,bajo,175.25,0.35520684736091296,-1.0,baja,mixto,a favor del día
B_completo,2025-10-02,MNQ,1,4,2025-10-02 13:42:00,25096.5,2025-10-02 13:56:00,25081.5,25082.0,25125.5,stop,-120.0,6.32,-126.32,116.0,-1.089,15,vwap_liq_rejection_long,154.75,6.95,175.25,1.1324717285945072,37.54760727589746,0.5344601607284858,9.143505039712181,True,False,1.210748481416658,25058.702392724103,25058.993414801305,25096.25,long,37.54760727589746,a favor,a favor,a favor,a favor,a favor,alto,bajo,medio,medio,medio,bajo,175.25,0.35520684736091296,-1.0,baja,mixto,contra el día
B_completo,2025-10-02,MNQ,1,1,2025-10-02 14:14:00,25107.0,2025-10-02 15:50:00,25116.5,25075.25,25170.5,session_flatten,19.0,1.58,17.42,63.5,0.274,97,vwap_liq_rejection_long,154.75,6.275,175.25,1.1324717285945072,46.22090225803913,0.5307632816002297,8.159486594180635,True,True,2.0729804801948175,25060.52909774196,25067.96772697305,25106.75,long,46.22090225803913,a favor,a favor,a favor,a favor,mixta,alto,bajo,medio,medio,alto,alto,175.25,0.35520684736091296,-1.0,baja,mixto,contra el día
B_completo,2025-10-03,MNQ,-1,1,2025-10-03 13:02:00,25094.0,2025-10-03 13:06:00,25027.0,25127.5,25027.0,target,134.0,1.58,132.42,67.0,1.976,5,vwap_liq_rejection_short,71.0,8.125,120.0,1.6901408450704225,-21.566400097137375,-0.07122728922331589,0.5849711645605566,False,True,3.6909307128997932,25115.816400097137,25122.12801173891,25094.25,short,21.566400097137375,a favor,en contra,a favor,a favor,a favor,bajo,bajo,bajo,alto,bajo,alto,248.0,0.5866935483870968,-1.0,media,tendencial,a favor del día
B_completo,2025-10-06,MNQ,1,1,2025-10-06 10:02:00,25174.0,2025-10-06 10:11:00,25134.5,25134.75,25252.5,stop,-79.0,1.58,-80.58,78.5,-1.026,10,vwap_liq_rejection_long,104.75,19.3375,104.75,1.0,10.175942462778039,-3.8202538393124996,33.686815737550205,False,False,1.5291601710836633,25163.574057537222,25063.024541016723,25173.75,long,10.175942462778039,en contra,a favor,a favor,a favor,mixta,medio,alto,bajo,bajo,bajo,medio,142.75,0.10507880910683012,-1.0,baja,lateral,contra el día
B_completo,2025-10-06,MNQ,1,1,2025-10-06 13:25:00,25224.5,2025-10-06 15:50:00,25195.0,25182.25,25309.0,session_flatten,-59.0,1.58,-60.58,84.5,-0.717,146,vwap_liq_rejection_long,104.75,6.3875,115.5,1.1026252983293556,57.457131031878816,1.3118403207736264,9.695222953690973,True,True,3.2615406450697226,25166.79286896812,25170.595053082703,25224.25,long,57.457131031878816,a favor,a favor,a favor,a favor,mixta,medio,bajo,bajo,medio,alto,alto,142.75,0.10507880910683012,-1.0,baja,lateral,contra el día
B_completo,2025-10-07,MNQ,1,3,2025-10-07 10:02:00,25247.5,2025-10-07 10:04:00,25229.0,25229.25,25284.0,stop,-111.0,4.74,-115.74,109.5,-1.057,3,vwap_liq_rejection_long,48.5,13.6875,48.5,1.0,4.889104824680544,1.9279208926200226,7.775348330964334,True,False,1.248763949710411,25241.86089517532,25221.14113725543,25246.75,long,4.889104824680544,a favor,a favor,a favor,a favor,a favor,bajo,medio,bajo,bajo,bajo,bajo,280.25,0.7288135593220338,-1.0,alta,tendencial,contra el día
B_completo,2025-10-07,MNQ,-1,1,2025-10-07 10:29:00,25210.5,2025-10-07 11:06:00,25115.0,25258.25,25115.0,target,191.0,1.58,189.42,95.5,1.983,38,vwap_liq_rejection_short,48.5,9.1375,58.0,1.1958762886597938,-28.51697936275741,-1.4901158004286117,4.176837212071405,False,True,3.00359224617053,25239.016979362757,25224.66670763151,25210.5,short,28.51697936275741,a favor,en contra,a favor,a favor,a favor,bajo,bajo,bajo,medio,medio,alto,280.25,0.7288135593220338,-1.0,alta,tendencial,a favor del día
B_completo,2025-10-09,MNQ,-1,2,2025-10-09 10:17:00,25262.5,2025-10-09 10:43:00,25207.5,25290.0,25207.5,target,220.0,3.16,216.84,110.0,1.971,27,vwap_liq_rejection_short,87.25,13.2,87.25,1.0,-22.827334180274192,-1.7194337795335741,-1.407256290800433,False,False,1.1126302755133628,25285.827334180274,25279.94589150809,25263.0,short,22.827334180274192,a favor,a favor,a favor,a favor,mixta,bajo,medio,bajo,bajo,bajo,bajo,176.5,0.31869688385269124,-1.0,baja,mixto,a favor del día
B_completo,2025-10-09,MNQ,-1,2,2025-10-09 13:12:00,25212.5,2025-10-09 13:30:00,25170.5,25233.5,25170.5,target,168.0,3.16,164.84,84.0,1.962,19,vwap_liq_rejection_short,87.25,13.5375,143.75,1.6475644699140402,-42.388985420566314,-1.8292429807479493,-7.856176848858013,False,True,1.3685283066929887,25254.638985420566,25248.230639623365,25212.25,short,42.388985420566314,a favor,a favor,a favor,a favor,a favor,bajo,medio,medio,alto,alto,medio,176.5,0.31869688385269124,-1.0,baja,mixto,a favor del día
B_completo,2025-10-10,MNQ,1,1,2025-10-10 10:09:00,25353.0,2025-10-10 10:17:00,25312.0,25312.5,25434.0,stop,-82.0,1.58,-83.58,81.0,-1.032,9,vwap_liq_rejection_long,94.25,18.6125,94.25,1.0,5.285996258866362,-1.607627453035093,26.56313188320928,False,True,1.121422519987146,25346.714003741134,25276.811995159296,25352.0,long,5.285996258866362,en contra,a favor,a favor,a favor,en contra,bajo,alto,bajo,bajo,bajo,bajo,1002.0,0.8964570858283433,-1.0,alta,tendencial,contra el día
B_completo,2025-10-20,MNQ,1,1,2025-10-20 10:24:00,25248.0,2025-10-20 10:54:00,25315.5,25214.25,25315.5,target,135.0,1.58,133.42,67.5,1.977,31,vwap_liq_rejection_long,124.75,14.275,138.25,1.1082164328657316,34.549003077303496,3.085955798957002,56.29370510420631,True,False,1.4284781274083362,25213.200996922697,25071.969886041876,25247.75,long,34.549003077303496,a favor,a favor,a favor,a favor,a favor,medio,medio,medio,medio,medio,medio,240.25,0.7877211238293444,1.0,media,tendencial,a favor del día
B_completo,2025-10-21,MNQ,-1,1,2025-10-21 10:02:00,25222.0,2025-10-21 10:20:00,25275.0,25274.5,25117.0,stop,-106.0,1.58,-107.58,105.0,-1.025,19,vwap_liq_rejection_short,90.75,21.225,90.75,1.0,-33.294557819524925,-6.615655682784563,-15.948265888233436,False,True,1.158076139746201,25255.294557819525,25299.18788619309,25222.0,short,33.294557819524925,a favor,a favor,a favor,a favor,a favor,bajo,alto,bajo,bajo,medio,bajo,144.5,0.12283737024221453,1.0,baja,lateral,contra el día
B_completo,2025-10-22,MNQ,-1,1,2025-10-22 10:15:00,25223.5,2025-10-22 10:30:00,25127.0,25271.75,25127.0,target,193.0,1.58,191.42,96.5,1.984,16,vwap_liq_rejection_short,116.75,16.7125,116.75,1.0,-14.579386501158297,1.7691750197591318,-9.735742234530335,False,True,1.412737057919016,25238.32938650116,25284.954516649617,25223.75,short,14.579386501158297,en contra,a favor,a favor,a favor,a favor,medio,alto,bajo,bajo,bajo,medio,484.25,0.48425400103252453,-1.0,alta,mixto,a favor del día
B_completo,2025-10-23,MNQ,1,1,2025-10-23 10:14:00,25135.0,2025-10-23 10:20:00,25100.5,25101.0,25203.0,stop,-69.0,1.58,-70.58,68.0,-1.038,7,vwap_liq_rejection_long,181.0,18.975,181.0,1.0,24.7701186780032,7.501829611919675,37.518609027512866,False,False,1.3000175610245603,25109.729881321997,25031.27790958011,25134.5,long,24.7701186780032,a favor,a favor,a favor,a favor,mixta,alto,alto,alto,bajo,medio,medio,289.5,0.8324697754749568,1.0,alta,tendencial,a favor del día
B_completo,2025-10-23,MNQ,1,1,2025-10-23 10:47:00,25174.5,2025-10-23 11:45:00,25132.0,25132.25,25259.0,stop,-85.0,1.58,-86.58,84.5,-1.025,59,vwap_liq_rejection_long,181.0,14.85,191.75,1.0593922651933703,50.96110450231936,5.977388844516099,30.673803215999214,True,False,2.0222161522352726,25123.03889549768,25065.155014022825,25174.0,long,50.96110450231936,a favor,a favor,a favor,a favor,a favor,alto,medio,alto,bajo,alto,alto,289.5,0.8324697754749568,1.0,alta,tendencial,a favor del día
B_completo,2025-10-24,MNQ,1,2,2025-10-24 13:49:00,25565.5,2025-10-24 14:04:00,25540.0,25540.25,25616.0,stop,-102.0,3.16,-105.16,101.0,-1.041,16,vwap_liq_rejection_long,120.5,5.6,139.0,1.1535269709543567,54.94940398002291,0.8410320426955877,13.321760831291613,True,False,2.403646091350441,25510.300596019977,25514.493896820564,25565.25,long,54.94940398002291,a favor,a favor,a favor,a favor,a favor,medio,bajo,medio,medio,alto,alto,139.0,0.2823741007194245,1.0,baja,mixto,a favor del día
B_completo,2025-10-27,MNQ,1,1,2025-10-27 10:30:00,25861.5,2025-10-27 14:56:00,25942.5,25821.0,25942.5,target,162.0,1.58,160.42,81.0,1.98,267,vwap_liq_rejection_long,63.5,14.6,80.5,1.2677165354330708,21.11229495934458,-0.22862794377215323,61.25064361950717,False,True,1.7483204461908988,25840.637705040655,25676.19309439858,25861.75,long,21.11229495934458,en contra,a favor,a favor,a favor,en contra,bajo,medio,bajo,medio,bajo,alto,185.25,0.786774628879892,1.0,media,tendencial,a favor del día
B_completo,2025-10-29,MNQ,-1,1,2025-10-29 13:27:00,26227.0,2025-10-29 14:01:00,26270.0,26269.75,26141.5,stop,-86.0,1.58,-87.58,85.5,-1.024,35,vwap_liq_rejection_short,62.75,6.625,123.0,1.9601593625498008,-38.70972932574659,-0.4382541215309175,3.520025298890687,True,True,2.5945617499620233,26266.459729325747,26245.323610171017,26227.75,short,38.70972932574659,a favor,en contra,a favor,a favor,mixta,bajo,bajo,bajo,alto,medio,alto,279.0,0.026881720430107527,-1.0,alta,lateral,a favor del día
B_completo,2025-10-30,MNQ,-1,1,2025-10-30 14:39:00,25988.5,2025-10-30 15:22:00,25916.5,26024.5,25916.5,target,144.0,1.58,142.42,72.0,1.978,44,vwap_liq_rejection_short,205.75,12.95,238.0,1.1567436208991495,-57.62157271444448,-0.7882791880438162,-13.513548664839618,False,True,1.3453735774369124,26046.621572714444,26044.500082409693,25989.0,short,57.62157271444448,a favor,a favor,a favor,a favor,a favor,alto,medio,alto,medio,alto,medio,301.5,0.7114427860696517,-1.0,alta,tendencial,a favor del día
B_completo,2025-11-03,MNQ,-1,1,2025-11-03 14:04:00,26114.0,2025-11-03 15:50:00,26090.0,26144.5,26053.0,session_flatten,48.0,1.58,46.42,61.0,0.761,107,vwap_liq_rejection_short,146.25,9.225,253.0,1.72991452991453,-0.6396722235404013,0.32629068321330124,7.898810551319912,False,True,2.162794276042468,26115.13967222354,26122.218369545233,26114.5,short,0.6396722235404013,en contra,en contra,a favor,a favor,a favor,alto,bajo,alto,alto,bajo,alto,253.0,0.4772727272727273,-1.0,media,mixto,a favor del día
B_completo,2025-11-05,MNQ,1,1,2025-11-05 10:24:00,25659.0,2025-11-05 11:30:00,25742.0,25617.5,25742.0,target,166.0,1.58,164.42,83.0,1.981,67,vwap_liq_rejection_long,203.0,25.2375,229.0,1.1280788177339902,48.04987040372362,6.99979285214431,9.779702743730013,False,True,1.2251500499429855,25611.200129596276,25636.999930932667,25659.25,long,48.04987040372362,a favor,a favor,a favor,a favor,en contra,alto,alto,alto,medio,alto,bajo,390.75,0.5035188739603327,1.0,alta,tendencial,a favor del día
B_completo,2025-11-10,MNQ,1,1,2025-11-10 10:22:00,25641.5,2025-11-10 10:48:00,25609.0,25609.5,25705.5,stop,-65.0,1.58,-66.58,64.0,-1.04,27,vwap_liq_rejection_long,128.75,17.2375,138.5,1.075728155339806,25.738850586345507,3.790715565901337,129.9242917033407,True,False,1.1397860496139145,25615.511149413654,25263.177543100326,25641.25,long,25.738850586345507,a favor,a favor,a favor,a favor,a favor,medio,alto,medio,bajo,medio,bajo,307.75,0.5913891145410236,1.0,alta,tendencial,a favor del día
B_completo,2025-11-11,MNQ,-1,1,2025-11-11 10:07:00,25584.0,2025-11-11 11:31:00,25479.0,25636.5,25479.0,target,210.0,1.58,208.42,105.0,1.985,85,vwap_liq_rejection_short,85.5,20.9375,85.5,1.0,-20.726521376829623,2.012560218132421,-15.425347570460872,False,False,1.4367738631156157,25605.47652137683,25647.986159204287,25584.75,short,20.726521376829623,en contra,a favor,a favor,a favor,mixta,bajo,alto,bajo,bajo,bajo,medio,217.25,0.1093210586881473,1.0,media,lateral,contra el día
B_completo,2025-11-12,MNQ,-1,1,2025-11-12 10:33:00,25596.0,2025-11-12 11:11:00,25529.5,25629.25,25529.5,target,133.0,1.58,131.42,66.5,1.976,39,vwap_liq_rejection_short,220.25,21.5,220.25,1.0,-34.61749140374013,-2.944080719127669,-8.52417955770943,False,True,1.1597063722163963,25630.86749140374,25634.331499861815,25596.25,short,34.61749140374013,a favor,a favor,a favor,a favor,a favor,alto,alto,alto,bajo,medio,bajo,293.0,0.6322525597269625,-1.0,alta,tendencial,a favor del día
B_completo,2025-11-12,MNQ,-1,1,2025-11-12 14:23:00,25585.0,2025-11-12 15:33:00,25618.5,25618.0,25519.0,stop,-67.0,1.58,-68.58,66.0,-1.039,71,vwap_liq_rejection_short,220.25,11.025,293.0,1.330306469920545,-4.8317549623097875,0.026475299477169756,3.1613732288424217,False,True,1.1565420560747663,25590.33175496231,25594.979637487166,25585.5,short,4.8317549623097875,en contra,en contra,a favor,a favor,a favor,alto,medio,alto,medio,bajo,bajo,293.0,0.6322525597269625,-1.0,alta,tendencial,a favor del día
B_completo,2025-11-24,MNQ,1,1,2025-11-24 10:29:00,24734.5,2025-11-24 11:09:00,24843.5,24680.0,24843.5,target,218.0,1.58,216.42,109.0,1.986,41,vwap_liq_rejection_long,208.75,32.4375,256.0,1.2263473053892215,59.28710433971355,5.677300906889286,65.20814389250882,False,False,1.1478285273275801,24674.962895660286,24532.559064258192,24734.25,long,59.28710433971355,a favor,a favor,a favor,a favor,mixta,alto,alto,alto,medio,alto,bajo,479.75,0.8863991662324127,1.0,alta,tendencial,a favor del día
B_completo,2025-11-28,MNQ,1,2,2025-11-28 10:03:00,25382.0,2025-11-28 10:06:00,25353.0,25353.25,25439.5,stop,-116.0,3.16,-119.16,115.0,-1.036,4,vwap_liq_rejection_long,92.0,16.75,92.0,1.0,5.173563454838586,0.25374759636542876,19.57739903989568,False,False,1.104902610727026,25376.32643654516,25322.67890721078,25381.5,long,5.173563454838586,a favor,a favor,a favor,a favor,mixta,bajo,alto,bajo,bajo,bajo,bajo,170.75,0.7276720351390923,1.0,baja,tendencial,a favor del día
B_completo,2025-11-28,MNQ,1,1,2025-11-28 10:17:00,25390.5,2025-11-28 10:30:00,25358.5,25359.0,25453.5,stop,-64.0,1.58,-65.58,63.0,-1.041,14,vwap_liq_rejection_long,92.0,13.2125,92.0,1.0,14.184284707538609,-0.12515252440789482,16.789444251917303,False,True,1.2845117845117846,25375.56571529246,25329.456730359183,25389.75,long,14.184284707538609,en contra,a favor,a favor,a favor,en contra,bajo,medio,bajo,bajo,bajo,medio,170.75,0.7276720351390923,1.0,baja,tendencial,a favor del día
B_completo,2025-11-28,MNQ,1,2,2025-11-28 10:51:00,25401.0,2025-11-28 11:28:00,25377.0,25377.25,25448.5,stop,-96.0,3.16,-99.16,95.0,-1.044,38,vwap_liq_rejection_long,92.0,10.825,92.0,1.0,23.456602993068373,0.8550832510300097,13.112526841174258,False,False,1.4176806179633463,25377.79339700693,25345.02658746792,25401.25,long,23.456602993068373,a favor,a favor,a favor,a favor,mixta,bajo,medio,bajo,bajo,bajo,medio,170.75,0.7276720351390923,1.0,baja,tendencial,a favor del día
B_completo,2025-12-01,MNQ,-1,1,2025-12-01 10:36:00,25288.0,2025-12-01 10:41:00,25347.0,25346.75,25170.5,stop,-118.0,1.58,-119.58,117.5,-1.018,6,vwap_liq_rejection_short,170.75,20.2625,180.75,1.0585651537335286,-29.010714700743847,0.39669184494414367,-9.405088049308688,False,True,1.9911827206698594,25317.010714700744,25370.84695755282,25288.0,short,29.010714700743847,en contra,a favor,a favor,a favor,a favor,alto,alto,alto,bajo,medio,alto,286.75,0.41586748038360943,1.0,alta,mixto,contra el día
B_completo,2025-12-02,MNQ,1,1,2025-12-02 10:02:00,25618.5,2025-12-02 10:31:00,25560.5,25561.0,25733.5,stop,-116.0,1.58,-117.58,115.0,-1.022,30,vwap_liq_rejection_long,141.75,22.425,156.25,1.1022927689594357,50.52307696981006,8.596921214477334,42.91123410397995,True,False,1.6596881192383905,25567.72692303019,25457.152355734444,25618.25,long,50.52307696981006,a favor,a favor,a favor,a favor,a favor,alto,alto,medio,medio,alto,alto,256.25,0.4253658536585366,1.0,media,mixto,a favor del día
B_completo,2025-12-02,MNQ,1,1,2025-12-02 14:06:00,25595.5,2025-12-02 15:50:00,25623.5,25556.5,25673.5,session_flatten,56.0,1.58,54.42,78.0,0.698,105,vwap_liq_rejection_long,141.75,12.925,256.25,1.8077601410934745,31.957087622016843,0.3000448208731541,3.6566889596251713,True,False,1.5611296263813366,25563.292912377983,25553.67945648044,25595.25,long,31.957087622016843,a favor,a favor,a favor,a favor,a favor,alto,medio,alto,alto,medio,alto,256.25,0.4253658536585366,1.0,media,mixto,a favor del día
B_completo,2025-12-04,MNQ,-1,1,2025-12-04 10:26:00,25560.5,2025-12-04 10:31:00,25598.5,25598.25,25485.0,stop,-76.0,1.58,-77.58,75.5,-1.028,6,vwap_liq_rejection_short,173.25,19.675,173.25,1.0,-33.27658277907176,-2.801079762437439,-17.820534504626266,False,False,1.3671624795388229,25594.77658277907,25620.569534742688,25561.5,short,33.27658277907176,a favor,a favor,a favor,a favor,mixta,alto,alto,medio,bajo,medio,medio,226.25,0.4685082872928177,-1.0,media,mixto,a favor del día
B_completo,2025-12-04,MNQ,-1,1,2025-12-04 13:12:00,25590.5,2025-12-04 13:30:00,25624.0,25623.75,25524.0,stop,-67.0,1.58,-68.58,66.5,-1.031,19,vwap_liq_rejection_short,173.25,9.25,208.0,1.2005772005772006,-0.691785669168894,0.07482025171339046,0.3715594939276343,True,True,1.214608124743537,25591.44178566917,25605.503997864813,25590.75,short,0.691785669168894,en contra,en contra,a favor,a favor,mixta,alto,bajo,alto,medio,bajo,bajo,226.25,0.4685082872928177,-1.0,media,mixto,a favor del día
B_completo,2025-12-04,MNQ,-1,2,2025-12-04 14:17:00,25587.0,2025-12-04 14:21:00,25535.0,25613.0,25535.0,target,208.0,3.16,204.84,104.0,1.97,5,vwap_liq_rejection_short,173.25,8.3125,208.0,1.2005772005772006,-5.490566357457283,0.06415749782900093,-1.639260878037021,False,True,1.16437384768118,25592.990566357457,25605.423627796623,25587.5,short,5.490566357457283,en contra,a favor,a favor,a favor,a favor,alto,bajo,alto,medio,bajo,bajo,226.25,0.4685082872928177,-1.0,media,mixto,a favor del día
B_completo,2025-12-05,MNQ,1,1,2025-12-05 13:32:00,25753.0,2025-12-05 15:48:00,25698.5,25698.75,25861.5,stop,-109.0,1.58,-110.58,108.5,-1.019,137,vwap_liq_rejection_long,142.75,9.925,216.75,1.5183887915936953,2.656420960516698,-0.601898993980285,4.374672611520509,True,True,1.337527555544547,25748.843579039483,25714.962318264512,25751.5,long,2.656420960516698,en contra,a favor,a favor,a favor,mixta,alto,bajo,alto,alto,bajo,medio,216.75,0.20184544405997693,1.0,media,lateral,a favor del día
B_completo,2025-12-08,MNQ,-1,1,2025-12-08 10:17:00,25728.5,2025-12-08 11:20:00,25626.5,25779.5,25626.5,target,204.0,1.58,202.42,102.0,1.985,64,vwap_liq_rejection_short,138.75,16.4875,140.75,1.0144144144144145,-53.16587399126729,-5.4825774630844535,5.466694824706792,False,True,1.5118185257317398,25781.915873991267,25739.864754495527,25728.75,short,53.16587399126729,a favor,en contra,a favor,a favor,a favor,alto,alto,medio,bajo,alto,medio,297.0,0.5437710437710438,-1.0,alta,tendencial,a favor del día
B_completo,2025-12-09,MNQ,1,1,2025-12-09 10:02:00,25639.5,2025-12-09 12:04:00,25720.5,25599.0,25720.5,target,162.0,1.58,160.42,81.0,1.98,123,vwap_liq_rejection_long,93.25,18.25,93.25,1.0,28.719329729749006,2.136541058025614,-1.0995645317234448,False,False,1.386125939296184,25610.53067027025,25617.662908696708,25639.25,long,28.719329729749006,a favor,en contra,a favor,a favor,mixta,bajo,alto,bajo,bajo,medio,medio,178.5,0.4635854341736695,1.0,baja,mixto,a favor del día
B_completo,2025-12-10,MNQ,-1,1,2025-12-10 10:36:00,25608.5,2025-12-10 11:01:00,25538.0,25643.75,25538.0,target,141.0,1.58,139.42,70.5,1.978,26,vwap_liq_rejection_short,106.0,13.7875,106.0,1.0,-19.016100846933114,0.17785757943056524,-11.215111293673544,True,True,2.0430691277596815,25628.266100846933,25667.842416107083,25609.25,short,19.016100846933114,en contra,a favor,a favor,a favor,mixta,medio,medio,bajo,bajo,bajo,alto,341.5,0.48243045387994143,1.0,alta,mixto,contra el día
B_completo,2025-12-10,MNQ,-1,3,2025-12-10 13:42:00,25613.0,2025-12-10 14:01:00,25633.5,25633.25,25572.5,stop,-123.0,4.74,-127.74,121.5,-1.051,20,vwap_liq_rejection_short,106.0,10.8375,153.75,1.4504716981132075,-5.904739932229859,-0.0345941269879404,-3.84246606688248,False,True,2.0521748742607637,25619.40473993223,25636.973069623084,25613.5,short,5.904739932229859,a favor,a favor,a favor,a favor,a favor,medio,medio,medio,alto,bajo,alto,341.5,0.48243045387994143,1.0,alta,mixto,contra el día
B_completo,2025-12-12,MNQ,-1,1,2025-12-12 10:02:00,25520.0,2025-12-12 10:10:00,25415.0,25572.5,25415.0,target,210.0,1.58,208.42,105.0,1.985,9,vwap_liq_rejection_short,119.0,25.0,119.0,1.0,-36.808158032159554,-3.66462416703871,-26.971612886991352,False,True,1.5268009261281725,25557.30815803216,25636.316425562312,25520.5,short,36.808158032159554,a favor,a favor,a favor,a favor,a favor,medio,alto,bajo,bajo,medio,medio,502.75,0.747886623570363,-1.0,alta,tendencial,a favor del día
B_completo,2025-12-12,MNQ,-1,1,2025-12-12 14:03:00,25268.0,2025-12-12 15:39:00,25149.5,25327.25,25149.5,target,237.0,1.58,235.42,118.5,1.987,97,vwap_liq_rejection_short,119.0,14.0125,502.75,4.224789915966387,-57.16232118536573,-0.6459396938880673,-2.5392735741697834,False,True,1.5316358024691359,25325.162321185366,25315.926520342487,25268.0,short,57.16232118536573,a favor,a favor,a favor,a favor,a favor,medio,medio,alto,alto,alto,medio,502.75,0.747886623570363,-1.0,alta,tendencial,a favor del día
B_completo,2025-12-16,MNQ,1,1,2025-12-16 15:02:00,25096.5,2025-12-16 15:36:00,25176.5,25056.5,25176.5,target,160.0,1.58,158.42,80.0,1.98,35,vwap_liq_rejection_long,187.5,13.2375,238.25,1.2706666666666666,53.11389510497975,0.7240713220890029,11.557759451741731,True,False,2.0239859857162106,25042.88610489502,25042.456256838388,25096.0,long,53.11389510497975,a favor,a favor,a favor,a favor,a favor,alto,medio,alto,medio,alto,alto,276.0,0.6630434782608695,1.0,alta,tendencial,a favor del día
B_completo,2025-12-17,MNQ,-1,1,2025-12-17 10:02:00,25076.5,2025-12-17 10:36:00,24997.5,25116.0,24997.5,target,158.0,1.58,156.42,79.0,1.98,35,vwap_liq_rejection_short,195.25,32.1,195.25,1.0,-21.716397918156872,-6.479693288845738,-0.7279059369284369,False,True,1.1214533027564189,25097.966397918157,25090.125442474735,25076.25,short,21.716397918156872,a favor,a favor,a favor,a favor,a favor,alto,alto,alto,bajo,bajo,bajo,545.75,0.9683921209344938,-1.0,alta,tendencial,a favor del día
B_completo,2025-12-18,MNQ,-1,1,2025-12-18 14:54:00,25003.0,2025-12-18 15:14:00,25050.0,25049.75,24909.5,stop,-94.0,1.58,-95.58,93.5,-1.022,21,vwap_liq_rejection_short,167.0,17.05,250.0,1.4970059880239521,-55.04151678749622,-0.8769244815630373,-13.89856847806368,False,True,2.4707000316756416,25057.791516787496,25062.784444010744,25002.75,short,55.04151678749622,a favor,a favor,a favor,a favor,a favor,alto,alto,alto,alto,alto,alto,250.0,0.055,-1.0,media,lateral,a favor del día
B_completo,2025-12-29,MNQ,1,1,2025-12-29 10:37:00,25771.0,2025-12-29 10:48:00,25732.0,25732.25,25848.5,stop,-78.0,1.58,-79.58,77.5,-1.027,12,vwap_liq_rejection_long,154.5,12.475,157.25,1.0177993527508091,36.26801726556732,1.592714792699553,116.44913000924862,True,False,1.621078486100257,25734.731982734433,25388.16315536878,25771.0,long,36.26801726556732,a favor,a favor,a favor,a favor,a favor,alto,medio,medio,bajo,medio,alto,171.0,0.25584795321637427,1.0,baja,mixto,a favor del día
B_completo,2025-12-30,MNQ,-1,1,2025-12-30 10:14:00,25693.5,2025-12-30 10:58:00,25741.0,25740.75,25599.0,stop,-95.0,1.58,-96.58,94.5,-1.022,45,vwap_liq_rejection_short,101.25,13.4375,101.25,1.0,-28.13834607723038,0.15764123931512586,4.356645135634608,False,False,1.2726806108045683,25721.88834607723,25717.806810277685,25693.75,short,28.13834607723038,en contra,en contra,a favor,a favor,mixta,medio,medio,bajo,bajo,medio,bajo,120.5,0.0954356846473029,-1.0,baja,lateral,a favor del día
B_completo,2025-12-30,MNQ,-1,3,2025-12-30 14:51:00,25716.5,2025-12-30 15:13:00,25682.0,25733.75,25682.0,target,207.0,4.74,202.26,103.5,1.954,23,vwap_liq_rejection_short,101.25,4.6,120.5,1.1901234567901235,-9.495978679693508,-0.01770695552477264,0.5116295003244886,False,True,2.0139405833389725,25726.245978679694,25729.394023316214,25716.75,short,9.495978679693508,a favor,en contra,a favor,a favor,a favor,medio,bajo,bajo,medio,bajo,alto,120.5,0.0954356846473029,-1.0,baja,lateral,a favor del día
B_completo,2025-12-31,MNQ,-1,1,2025-12-31 10:13:00,25584.0,2025-12-31 13:41:00,25619.5,25619.0,25514.0,stop,-71.0,1.58,-72.58,70.0,-1.037,209,vwap_liq_rejection_short,110.5,15.25,110.5,1.0,-40.333980716572114,-3.2246007103203738,-26.569546838643873,False,False,1.5349610289015476,25624.333980716572,25682.383038047574,25584.0,short,40.333980716572114,a favor,a favor,a favor,a favor,mixta,medio,alto,bajo,bajo,medio,alto,231.0,0.9675324675324676,-1.0,media,tendencial,a favor del día
B_completo,2025-12-31,MNQ,-1,1,2025-12-31 14:27:00,25586.0,2025-12-31 15:09:00,25504.0,25627.0,25504.0,target,164.0,1.58,162.42,82.0,1.981,43,vwap_liq_rejection_short,110.5,6.475,149.75,1.3552036199095023,-12.984416199957195,-0.017062180857465137,2.917801193027117,False,True,1.6880010072606708,25599.984416199957,25605.44482377556,25587.0,short,12.984416199957195,a favor,en contra,a favor,a favor,a favor,medio,bajo,medio,medio,bajo,alto,231.0,0.9675324675324676,-1.0,media,tendencial,a favor del día
B_completo,2026-01-05,MNQ,1,1,2026-01-05 10:03:00,25614.5,2026-01-05 13:19:00,25564.0,25564.5,25714.5,stop,-101.0,1.58,-102.58,100.0,-1.026,197,vwap_liq_rejection_long,134.75,30.525,134.75,1.0,16.145213833238813,0.454153166476317,48.511131177812786,False,False,1.1641319878215726,25598.10478616676,25454.27101228789,25614.25,long,16.145213833238813,a favor,a favor,a favor,a favor,mixta,alto,alto,medio,bajo,bajo,bajo,169.5,0.24631268436578171,-1.0,baja,lateral,contra el día
B_completo,2026-01-05,MNQ,-1,2,2026-01-05 15:04:00,25567.0,2026-01-05 15:09:00,25589.0,25588.5,25524.0,stop,-88.0,3.16,-91.16,86.0,-1.06,6,vwap_liq_rejection_short,134.75,7.675,169.5,1.2578849721706864,-58.381719971832354,-0.7517665988780209,-9.046576611457567,False,False,1.2847289370205635,25625.631719971832,25599.736015626717,25567.25,short,58.381719971832354,a favor,a favor,a favor,a favor,mixta,alto,bajo,medio,medio,alto,medio,169.5,0.24631268436578171,-1.0,baja,lateral,a favor del día
B_completo,2026-01-06,MNQ,1,1,2026-01-06 10:15:00,25756.5,2026-01-06 10:45:00,25725.0,25725.25,25819.0,stop,-63.0,1.58,-64.58,62.5,-1.033,31,vwap_liq_rejection_long,152.75,15.25,164.25,1.0752864157119477,59.30145774146513,9.89894995382565,34.593929462083906,True,False,1.108873781375227,25697.198542258535,25638.906177120178,25756.5,long,59.30145774146513,a favor,a favor,a favor,a favor,a favor,alto,alto,medio,bajo,alto,bajo,229.0,0.868995633187773,1.0,media,tendencial,a favor del día
B_completo,2026-01-06,MNQ,1,3,2026-01-06 13:16:00,25764.0,2026-01-06 13:48:00,25803.5,25744.25,25803.5,target,237.0,4.74,232.26,118.5,1.96,33,vwap_liq_rejection_long,152.75,5.3875,177.0,1.1587561374795416,55.49855926897362,0.7062448047036014,15.64939974075969,False,True,1.2653901765762607,25708.001440731026,25713.359474270565,25763.5,long,55.49855926897362,a favor,a favor,a favor,a favor,en contra,alto,bajo,alto,medio,alto,bajo,229.0,0.868995633187773,1.0,media,tendencial,a favor del día
B_completo,2026-01-07,MNQ,1,1,2026-01-07 10:08:00,25865.5,2026-01-07 10:40:00,25810.5,25811.0,25974.5,stop,-110.0,1.58,-111.58,109.0,-1.024,33,vwap_liq_rejection_long,109.25,19.2,109.25,1.0,31.37923941961708,1.8658060785674024,14.438127096163953,True,False,1.4648515091323095,25833.870760580383,25807.582454593565,25865.25,long,31.37923941961708,a favor,a favor,a favor,a favor,a favor,medio,alto,bajo,bajo,medio,medio,227.25,0.1694169416941694,1.0,media,lateral,a favor del día
B_completo,2026-01-08,MNQ,-1,1,2026-01-08 14:12:00,25626.5,2026-01-08 15:16:00,25659.5,25659.0,25561.5,stop,-66.0,1.58,-67.58,65.0,-1.04,65,vwap_liq_rejection_short,205.25,10.1125,233.25,1.1364190012180269,-31.94854603298154,-0.2749611771723721,-7.657837043319887,False,True,1.3981152479530357,25658.44854603298,25668.999853660836,25626.5,short,31.94854603298154,a favor,a favor,a favor,a favor,a favor,alto,bajo,alto,medio,medio,medio,233.25,0.3783494105037513,-1.0,media,mixto,a favor del día
B_completo,2026-01-13,MNQ,-1,1,2026-01-13 13:23:00,25873.5,2026-01-13 15:50:00,25853.5,25912.25,25796.0,session_flatten,40.0,1.58,38.42,77.5,0.496,148,vwap_liq_rejection_short,112.25,13.4875,237.0,2.111358574610245,-47.21380793554272,-0.7714931447044364,-16.985597211551067,False,False,1.3881118302352142,25921.463807935543,25932.257011046335,25874.25,short,47.21380793554272,a favor,a favor,a favor,a favor,mixta,medio,medio,alto,alto,alto,medio,239.75,0.28988529718456724,-1.0,media,mixto,a favor del día
B_completo,2026-01-15,MNQ,-1,1,2026-01-15 14:04:00,25855.5,2026-01-15 14:31:00,25776.5,25895.0,25776.5,target,158.0,1.58,156.42,79.0,1.98,28,vwap_liq_rejection_short,111.5,7.775,150.75,1.352017937219731,-29.802292696571385,-0.12287095756619237,7.7309202198339335,False,True,2.29498325241805,25885.80229269657,25867.804662296316,25856.0,short,29.802292696571385,a favor,en contra,a favor,a favor,a favor,medio,bajo,medio,medio,medio,alto,273.5,0.9305301645338209,-1.0,alta,tendencial,a favor del día
B_completo,2026-01-20,MNQ,-1,1,2026-01-20 10:20:00,25261.0,2026-01-20 10:22:00,25304.5,25304.25,25174.5,stop,-87.0,1.58,-88.58,86.5,-1.024,3,vwap_liq_rejection_short,144.25,31.2125,144.25,1.0,-38.88070677785436,-4.0512792661938875,-22.924705628192896,False,True,1.6427256590625205,25300.380706777854,25367.40123754546,25261.5,short,38.88070677785436,a favor,a favor,a favor,a favor,a favor,alto,alto,medio,bajo,medio,alto,331.0,0.31722054380664655,-1.0,alta,mixto,a favor del día
B_completo,2026-01-22,MNQ,-1,1,2026-01-22 15:03:00,25632.0,2026-01-22 15:50:00,25633.5,25682.25,25531.5,session_flatten,-3.0,1.58,-4.58,100.5,-0.046,48,vwap_liq_rejection_short,178.0,10.85,197.5,1.1095505617977528,-8.963968266125448,0.24029003326359089,-1.2093009764103044,False,True,1.2492391965916005,25641.463968266125,25673.9897256897,25632.5,short,8.963968266125448,en contra,a favor,a favor,a favor,a favor,alto,medio,alto,medio,bajo,bajo,197.5,0.3810126582278481,-1.0,media,mixto,a favor del día
B_completo,2026-01-23,MNQ,1,1,2026-01-23 14:10:00,25765.5,2026-01-23 14:42:00,25722.0,25722.25,25852.0,stop,-87.0,1.58,-88.58,86.5,-1.024,33,vwap_liq_rejection_long,95.25,10.875,283.0,2.9711286089238844,37.72174817911582,0.43496076731025823,-3.203184497579059,True,False,1.589018302828619,25726.778251820884,25744.9988651341,25764.5,long,37.72174817911582,a favor,en contra,a favor,a favor,a favor,bajo,medio,alto,alto,medio,alto,283.0,0.5053003533568905,1.0,alta,tendencial,a favor del día
B_completo,2026-01-27,MNQ,1,4,2026-01-27 10:32:00,26052.5,2026-01-27 10:39:00,26084.0,26036.75,26084.0,target,252.0,6.32,245.68,126.0,1.95,8,vwap_liq_rejection_long,143.75,11.6125,160.25,1.1147826086956523,45.68677282417411,4.786424895981327,64.58202696269655,False,False,1.4319858365299498,26006.563227175826,25870.2249879288,26052.25,long,45.68677282417411,a favor,a favor,a favor,a favor,mixta,alto,medio,medio,medio,alto,medio,197.25,0.376425855513308,1.0,media,mixto,a favor del día
B_completo,2026-01-27,MNQ,1,7,2026-01-27 13:48:00,26087.0,2026-01-27 14:04:00,26077.5,26077.75,26105.5,stop,-133.0,11.06,-144.06,129.5,-1.112,17,vwap_liq_rejection_long,143.75,5.0625,189.75,1.32,43.412719343366916,0.42160457786303596,11.711296261273674,True,False,1.111578947368421,26042.587280656633,26047.878126421332,26086.0,long,43.412719343366916,a favor,a favor,a favor,a favor,a favor,alto,bajo,alto,medio,alto,bajo,197.25,0.376425855513308,1.0,media,mixto,a favor del día
B_completo,2026-02-05,MNQ,-1,1,2026-02-05 13:49:00,24689.5,2026-02-05 14:04:00,24732.0,24731.5,24605.5,stop,-85.0,1.58,-86.58,84.0,-1.031,16,vwap_liq_rejection_short,309.5,19.5375,424.25,1.3707592891760905,-38.59010891118669,-0.325284299258783,-15.768961258752825,False,True,1.1113330226571687,24728.840108911187,24773.187847650894,24690.25,short,38.59010891118669,a favor,a favor,a favor,a favor,a favor,alto,alto,alto,medio,medio,bajo,424.25,0.27460223924572774,-1.0,alta,mixto,a favor del día
B_completo,2026-02-10,MNQ,1,1,2026-02-10 10:20:00,25413.0,2026-02-10 10:57:00,25355.0,25355.25,25528.5,stop,-116.0,1.58,-117.58,115.5,-1.018,38,vwap_liq_rejection_long,159.0,24.0,195.75,1.2311320754716981,57.645120888308156,9.377241688987851,7.388059199020063,True,False,1.2637250557443007,25355.604879111692,25370.05877643255,25413.25,long,57.645120888308156,a favor,a favor,a favor,a favor,a favor,alto,alto,alto,medio,alto,bajo,249.5,0.6813627254509018,-1.0,media,tendencial,contra el día
B_completo,2026-02-16,MNQ,-1,1,2026-02-16 10:58:00,24696.5,2026-02-16 11:09:00,24733.5,24733.0,24623.5,stop,-74.0,1.58,-75.58,73.0,-1.035,12,vwap_liq_rejection_short,90.25,13.2125,119.75,1.3268698060941828,-40.81694221553698,-2.2974348107636615,-28.64089649642483,True,True,1.295468536709403,24737.566942215537,24787.99471028666,24696.75,short,40.81694221553698,a favor,a favor,a favor,a favor,mixta,bajo,medio,bajo,medio,medio,medio,127.0,0.10433070866141732,-1.0,baja,lateral,a favor del día
B_completo,2026-02-24,MNQ,1,1,2026-02-24 10:08:00,24879.0,2026-02-24 10:29:00,25000.0,24818.5,25000.0,target,242.0,1.58,240.42,121.0,1.987,22,vwap_liq_rejection_long,270.25,30.725,270.25,1.0,36.112498549511656,4.390603918716806,35.34263229837961,False,False,1.412048345652381,24841.88750145049,24775.434035958162,24878.0,long,36.112498549511656,a favor,a favor,a favor,a favor,mixta,alto,alto,alto,bajo,medio,medio,386.75,0.5643180349062702,1.0,alta,tendencial,a favor del día
B_completo,2026-02-25,MNQ,1,2,2026-02-25 10:24:00,25307.0,2026-02-25 10:54:00,25280.0,25280.25,25360.5,stop,-108.0,3.16,-111.16,107.0,-1.039,31,vwap_liq_rejection_long,203.0,16.4125,212.0,1.0443349753694582,18.39457314703759,2.2321019626324414,64.8983183107448,False,True,1.325007163536119,25288.105426852962,25133.990541345003,25306.5,long,18.39457314703759,a favor,a favor,a favor,a favor,en contra,alto,alto,alto,bajo,bajo,medio,247.75,0.8789101917255298,1.0,media,tendencial,a favor del día
B_completo,2026-02-25,MNQ,1,6,2026-02-25 13:12:00,25350.0,2026-02-25 13:16:00,25340.0,25340.25,25369.5,stop,-120.0,9.48,-129.48,117.0,-1.107,5,vwap_liq_rejection_long,203.0,5.2,212.0,1.0443349753694582,48.624492733491934,0.7852769953096868,19.230876025492762,True,False,1.2046325748307642,25300.875507266508,25290.26290430081,25349.5,long,48.624492733491934,a favor,a favor,a favor,a favor,a favor,alto,bajo,alto,bajo,alto,bajo,247.75,0.8789101917255298,1.0,media,tendencial,a favor del día
B_completo,2026-02-25,MNQ,1,6,2026-02-25 14:03:00,25357.0,2026-02-25 14:19:00,25376.0,25347.5,25376.0,target,228.0,9.48,218.52,114.0,1.917,17,vwap_liq_rejection_long,203.0,4.0125,212.0,1.0443349753694582,53.332982797088334,0.36866599404311273,12.56042169444845,True,False,2.1298577445760154,25303.16701720291,25312.518136663457,25356.5,long,53.332982797088334,a favor,a favor,a favor,a favor,a favor,alto,bajo,alto,bajo,alto,alto,247.75,0.8789101917255298,1.0,media,tendencial,a favor del día
B_completo,2026-02-27,MNQ,1,1,2026-02-27 15:12:00,24940.0,2026-02-27 15:50:00,24954.0,24897.0,25026.0,session_flatten,28.0,1.58,26.42,86.0,0.307,39,vwap_liq_rejection_long,158.75,11.1125,256.75,1.6173228346456694,6.50237745324921,-0.3086555139088887,-8.13563703874388,True,False,2.356252732837779,24932.99762254675,24923.05838530945,24939.5,long,6.50237745324921,en contra,en contra,a favor,a favor,a favor,alto,medio,alto,alto,bajo,alto,256.75,0.7409931840311588,1.0,media,tendencial,a favor del día
B_completo,2026-03-12,MNQ,-1,2,2026-03-12 14:36:00,24619.0,2026-03-12 15:47:00,24562.0,24647.5,24562.0,target,228.0,3.16,224.84,114.0,1.972,72,vwap_liq_rejection_short,204.25,13.95,273.75,1.3402692778457772,-51.043454238904815,-0.481777615397732,-9.161863959667244,False,True,1.366962478592558,24670.043454238905,24666.068959942193,24619.0,short,51.043454238904815,a favor,a favor,a favor,a favor,a favor,alto,medio,alto,medio,alto,medio,291.75,0.7617823479005998,-1.0,alta,tendencial,a favor del día
B_completo,2026-04-06,MNQ,1,3,2026-04-06 15:05:00,24351.5,2026-04-06 15:42:00,24329.5,24330.0,24394.5,stop,-132.0,4.74,-136.74,129.0,-1.06,38,vwap_liq_rejection_long,165.0,7.8875,250.5,1.518181818181818,34.08040029426047,0.35602928608932416,12.493538296879706,True,False,1.2999270667982323,24316.66959970574,24307.119290626204,24350.75,long,34.08040029426047,a favor,a favor,a favor,a favor,a favor,alto,bajo,alto,alto,medio,medio,250.5,0.32934131736526945,1.0,media,mixto,a favor del día
B_completo,2026-04-09,MNQ,-1,1,2026-04-09 10:17:00,24996.0,2026-04-09 10:56:00,25050.0,25049.75,24888.5,stop,-108.0,1.58,-109.58,107.5,-1.019,40,vwap_liq_rejection_short,107.25,19.3125,116.75,1.0885780885780887,-50.478381787343096,-6.391480510163092,0.565944497626333,False,True,1.3858940612266974,25046.978381787343,25030.50074331127,24996.5,short,50.478381787343096,a favor,en contra,a favor,a favor,a favor,medio,alto,bajo,medio,alto,medio,313.0,0.5686900958466453,1.0,alta,tendencial,contra el día
B_completo,2026-04-13,MNQ,1,1,2026-04-13 10:46:00,25316.5,2026-04-13 12:34:00,25403.0,25273.25,25403.0,target,173.0,1.58,171.42,86.5,1.982,109,vwap_liq_rejection_long,138.25,13.3625,173.0,1.2513562386980108,59.59786618415092,2.7552520560966514,5.91762915331492,True,False,1.7316765233570335,25256.40213381585,25271.058799615515,25316.0,long,59.59786618415092,a favor,a favor,a favor,a favor,a favor,alto,medio,medio,medio,alto,alto,387.5,0.844516129032258,1.0,alta,tendencial,a favor del día
B_completo,2026-04-14,MNQ,1,1,2026-04-14 10:08:00,25742.0,2026-04-14 10:31:00,25807.0,25709.5,25807.0,target,130.0,1.58,128.42,65.0,1.976,24,vwap_liq_rejection_long,124.25,14.0625,124.25,1.0,14.195691370772693,-0.10594484521789127,74.51044844601711,False,False,1.3981250421528293,25727.554308629227,25523.433721082496,25741.75,long,14.195691370772693,en contra,a favor,a favor,a favor,mixta,medio,medio,medio,bajo,bajo,medio,356.25,0.9066666666666666,1.0,alta,tendencial,a favor del día
B_completo,2026-04-14,MNQ,1,2,2026-04-14 10:54:00,25809.0,2026-04-14 11:06:00,25782.5,25782.75,25861.5,stop,-106.0,3.16,-109.16,105.0,-1.04,13,vwap_liq_rejection_long,124.25,11.125,177.5,1.4285714285714286,55.60994182214563,3.3412495806260267,61.53815578591821,False,True,1.3218972216113187,25752.890058177854,25621.328968063997,25808.5,long,55.60994182214563,a favor,a favor,a favor,a favor,en contra,medio,medio,alto,alto,alto,medio,356.25,0.9066666666666666,1.0,alta,tendencial,a favor del día
B_completo,2026-04-15,MNQ,1,1,2026-04-15 10:16:00,26091.5,2026-04-15 10:57:00,26176.5,26049.0,26176.5,target,170.0,1.58,168.42,85.0,1.981,42,vwap_liq_rejection_long,85.0,15.9875,111.0,1.3058823529411765,49.02306941121424,5.722057239607238,30.177504325296468,True,False,1.46573060447406,26042.226930588786,25973.874399704902,26091.25,long,49.02306941121424,a favor,a favor,a favor,a favor,a favor,bajo,alto,bajo,medio,alto,medio,393.0,0.8823155216284987,1.0,alta,tendencial,a favor del día
B_completo,2026-04-16,MNQ,1,1,2026-04-16 10:58:00,26404.5,2026-04-16 11:16:00,26494.5,26359.5,26494.5,target,180.0,1.58,178.42,90.0,1.982,19,vwap_liq_rejection_long,177.75,16.675,177.75,1.0,44.66278056042211,4.032946792151051,22.265573924130877,True,False,1.8947794933037618,26359.337219439578,26322.868791503195,26404.0,long,44.66278056042211,a favor,a favor,a favor,a favor,a favor,alto,alto,alto,bajo,alto,alto,287.0,0.2273519163763066,1.0,alta,lateral,a favor del día
B_completo,2026-04-16,MNQ,1,1,2026-04-16 15:03:00,26459.5,2026-04-16 15:50:00,26483.0,26416.75,26545.0,session_flatten,47.0,1.58,45.42,85.5,0.531,48,vwap_liq_rejection_long,177.75,11.1875,287.0,1.6146272855133614,35.53018724807771,0.25274823780637234,-3.803340568600106,True,False,1.5177114530620675,26423.719812751922,26442.787794747994,26459.25,long,35.53018724807771,a favor,en contra,a favor,a favor,a favor,alto,medio,alto,alto,medio,medio,287.0,0.2273519163763066,1.0,alta,lateral,a favor del día
B_completo,2026-04-17,MNQ,1,1,2026-04-17 10:33:00,26769.0,2026-04-17 11:32:00,26866.0,26720.5,26866.0,target,194.0,1.58,192.42,97.0,1.984,60,vwap_liq_rejection_long,109.5,18.8875,146.25,1.3356164383561644,55.05510790512926,3.2121106582962966,59.16876026888349,False,True,1.2180017390935505,26713.69489209487,26581.269734450183,26768.75,long,55.05510790512926,a favor,a favor,a favor,a favor,en contra,medio,alto,medio,medio,alto,bajo,253.5,0.5088757396449705,1.0,media,tendencial,a favor del día
B_completo,2026-04-20,MNQ,-1,1,2026-04-20 10:29:00,26748.0,2026-04-20 10:52:00,26676.0,26784.0,26676.0,target,144.0,1.58,142.42,72.0,1.978,24,vwap_liq_rejection_short,110.0,20.125,110.0,1.0,-15.44007223761946,-2.2955845452524954,-8.66671363165733,False,True,1.1098668657459252,26763.44007223762,26780.36722934441,26748.0,short,15.44007223761946,a favor,a favor,a favor,a favor,a favor,medio,alto,bajo,bajo,bajo,bajo,257.0,0.18385214007782102,-1.0,media,lateral,a favor del día
B_completo,2026-04-22,MNQ,1,1,2026-04-22 10:02:00,26887.0,2026-04-22 11:25:00,27007.0,26827.0,27007.0,target,240.0,1.58,238.42,120.0,1.987,84,vwap_liq_rejection_long,84.75,18.9875,84.75,1.0,39.29458382269877,1.5348034630223992,36.902293342711346,True,True,1.754839399664896,26847.4554161773,26741.30987709906,26886.75,long,39.29458382269877,a favor,a favor,a favor,a favor,mixta,bajo,alto,bajo,bajo,medio,alto,285.25,0.6888694127957932,1.0,alta,tendencial,a favor del día
B_completo,2026-04-23,MNQ,1,1,2026-04-23 10:39:00,27055.5,2026-04-23 13:06:00,26998.5,26998.75,27169.0,stop,-114.0,1.58,-115.58,113.5,-1.018,148,vwap_liq_rejection_long,138.5,17.25,138.5,1.0,29.40570898662554,1.3316718521091389,-1.4541717139036336,True,False,1.1518785542627359,27025.844291013374,27023.12147166161,27055.25,long,29.40570898662554,a favor,en contra,a favor,a favor,a favor,alto,alto,medio,bajo,medio,bajo,476.0,0.1722689075630252,-1.0,alta,lateral,contra el día
B_completo,2026-04-24,MNQ,1,1,2026-04-24 10:51:00,27261.5,2026-04-24 11:24:00,27332.0,27226.25,27332.0,target,141.0,1.58,139.42,70.5,1.978,34,vwap_liq_rejection_long,130.25,23.4625,149.75,1.1497120921305182,47.413464881869004,3.936663300395594,46.34499364437579,True,False,1.1479210877937593,27213.83653511813,27090.70367464964,27261.25,long,47.413464881869004,a favor,a favor,a favor,a favor,a favor,medio,alto,medio,medio,alto,bajo,332.75,0.6130728775356874,1.0,alta,tendencial,a favor del día
B_completo,2026-04-27,MNQ,-1,1,2026-04-27 10:12:00,27355.0,2026-04-27 13:15:00,27415.0,27414.5,27236.0,stop,-120.0,1.58,-121.58,119.0,-1.022,184,vwap_liq_rejection_short,131.75,21.5875,131.75,1.0,-16.98901114792534,2.211455814922374,-5.870751750499039,True,False,1.1137668697350396,27372.739011147925,27389.92984644738,27355.75,short,16.98901114792534,en contra,a favor,a favor,a favor,en contra,medio,alto,medio,bajo,bajo,bajo,154.25,0.2755267423014587,1.0,baja,mixto,contra el día
B_completo,2026-04-27,MNQ,1,1,2026-04-27 13:32:00,27421.0,2026-04-27 15:50:00,27443.5,27379.25,27504.5,session_flatten,45.0,1.58,43.42,83.5,0.52,139,vwap_liq_rejection_long,131.75,10.6375,131.75,1.0,50.44379594314887,1.1286697860523418,6.673287986024661,True,True,1.2645544554455446,27369.80620405685,27383.119398480718,27420.25,long,50.44379594314887,a favor,a favor,a favor,a favor,mixta,medio,medio,medio,bajo,alto,bajo,154.25,0.2755267423014587,1.0,baja,mixto,a favor del día
B_completo,2026-04-29,MNQ,-1,1,2026-04-29 13:05:00,27171.5,2026-04-29 13:11:00,27215.0,27214.75,27085.0,stop,-87.0,1.58,-88.58,86.5,-1.024,7,vwap_liq_rejection_short,113.0,12.05,191.5,1.6946902654867257,-56.08543947229555,-0.9662168907343585,-9.915945252709207,True,False,1.3105963105963105,27228.335439472296,27222.83499316062,27172.25,short,56.08543947229555,a favor,a favor,a favor,a favor,en contra,medio,medio,alto,alto,alto,medio,214.0,0.35630841121495327,1.0,media,mixto,contra el día
B_completo,2026-04-30,MNQ,-1,1,2026-04-30 10:08:00,27260.0,2026-04-30 10:17:00,27171.0,27304.5,27171.0,target,178.0,1.58,176.42,89.0,1.982,10,vwap_liq_rejection_short,297.25,30.825,297.25,1.0,-57.00480345102187,-15.22049047793189,5.303729722556454,False,True,1.3210294447071709,27316.754803451022,27269.893513012812,27259.75,short,57.00480345102187,a favor,en contra,a favor,a favor,a favor,alto,alto,alto,bajo,alto,medio,461.5,0.19122426868905743,1.0,alta,lateral,contra el día
B_completo,2026-05-01,MNQ,1,2,2026-05-01 13:17:00,27864.0,2026-05-01 14:17:00,27837.0,27837.5,27917.0,stop,-108.0,3.16,-111.16,106.0,-1.049,61,vwap_liq_rejection_long,241.5,9.725,302.5,1.2525879917184266,40.50468259525587,0.37533052198341466,9.688843412230199,True,False,1.97491308200968,27823.245317404744,27813.557603383062,27863.75,long,40.50468259525587,a favor,a favor,a favor,a favor,a favor,alto,bajo,alto,medio,medio,alto,302.5,0.6644628099173554,1.0,alta,tendencial,a favor del día
B_completo,2026-05-04,MNQ,1,1,2026-05-04 10:34:00,27900.0,2026-05-04 11:01:00,27862.5,27863.0,27974.0,stop,-75.0,1.58,-76.58,74.0,-1.035,28,vwap_liq_rejection_long,87.25,16.4,105.0,1.2034383954154728,28.97809497380149,2.8827935424087627,9.564669069088268,False,False,1.2285609705082619,27870.2719050262,27862.889723138498,27899.25,long,28.97809497380149,a favor,a favor,a favor,a favor,mixta,bajo,alto,bajo,medio,medio,bajo,326.75,0.2394797245600612,-1.0,alta,lateral,contra el día
B_completo,2026-05-04,MNQ,-1,1,2026-05-04 14:32:00,27764.0,2026-05-04 15:50:00,27789.5,27819.25,27653.5,session_flatten,-51.0,1.58,-52.58,110.5,-0.476,79,vwap_liq_rejection_short,87.25,11.8,326.75,3.7449856733524354,-33.81111702105045,-0.9755055614041339,1.7169842965959106,False,True,1.4302370773416246,27798.06111702105,27776.533120978445,27764.25,short,33.81111702105045,a favor,en contra,a favor,a favor,a favor,bajo,medio,alto,alto,medio,medio,326.75,0.2394797245600612,-1.0,alta,lateral,a favor del día
B_completo,2026-05-05,MNQ,1,1,2026-05-05 10:19:00,28081.0,2026-05-05 14:13:00,28180.5,28031.25,28180.5,target,199.0,1.58,197.42,99.5,1.984,235,vwap_liq_rejection_long,141.5,20.3,141.5,1.0,17.448693233105587,1.8732504782128672,69.10748019235325,False,True,1.4242082976710662,28063.051306766894,27887.157758656223,28080.5,long,17.448693233105587,a favor,a favor,a favor,a favor,en contra,alto,alto,medio,bajo,bajo,medio,218.5,0.6475972540045767,1.0,media,tendencial,a favor del día
B_completo,2026-05-13,MNQ,1,1,2026-05-13 10:23:00,29206.0,2026-05-13 11:01:00,29326.5,29145.75,29326.5,target,241.0,1.58,239.42,120.5,1.987,39,vwap_liq_rejection_long,219.5,30.0625,219.5,1.0,21.01710835290214,-1.282922931768553,31.665851186724467,False,True,1.222141483222911,29184.232891647098,29077.980339726128,29205.25,long,21.01710835290214,en contra,a favor,a favor,a favor,en contra,alto,alto,alto,bajo,bajo,bajo,490.0,0.3826530612244898,1.0,alta,mixto,a favor del día
B_completo,2026-05-14,MNQ,1,1,2026-05-14 10:38:00,29654.0,2026-05-14 11:29:00,29773.5,29594.25,29773.5,target,239.0,1.58,237.42,119.5,1.987,52,vwap_liq_rejection_long,230.75,21.725,230.75,1.0,56.33392030829782,2.611538366196328,26.324493893098406,True,False,1.1295456319436616,29597.416079691702,29538.978670482196,29653.75,long,56.33392030829782,a favor,a favor,a favor,a favor,a favor,alto,alto,alto,bajo,alto,bajo,329.75,0.640636846095527,1.0,alta,tendencial,a favor del día
B_completo,2026-05-22,MNQ,-1,1,2026-05-22 15:04:00,29611.5,2026-05-22 15:50:00,29554.5,29668.75,29497.0,session_flatten,114.0,1.58,112.42,114.5,0.982,47,vwap_liq_rejection_short,186.75,12.2625,257.5,1.3788487282463187,-29.73911547446187,0.04156496201539994,-1.8921795302885585,False,True,3.446534121440086,29641.989115474462,29657.311273998144,29612.25,short,29.73911547446187,en contra,a favor,a favor,a favor,a favor,alto,medio,alto,medio,medio,alto,257.5,0.018446601941747572,1.0,media,lateral,contra el día
B_completo,2026-05-26,MNQ,1,1,2026-05-26 13:50:00,30006.0,2026-05-26 15:39:00,30083.5,29967.25,30083.5,target,155.0,1.58,153.42,77.5,1.98,110,vwap_liq_rejection_long,171.25,11.0875,292.5,1.7080291970802919,22.09315936843268,0.037607796486554435,1.0802915818530892,True,False,1.3798512371603502,29983.406840631567,29978.284885214813,30005.5,long,22.09315936843268,a favor,a favor,a favor,a favor,a favor,alto,medio,alto,alto,bajo,medio,292.5,0.594017094017094,1.0,alta,tendencial,a favor del día
B_completo,2026-05-29,MNQ,-1,2,2026-05-29 13:22:00,30377.5,2026-05-29 13:55:00,30327.0,30402.75,30327.0,target,202.0,3.16,198.84,101.0,1.969,34,vwap_liq_rejection_short,152.75,11.275,266.0,1.7414075286415711,-28.897648544269032,-0.24101275694192736,0.055342366205877624,False,True,1.6745796793833436,30406.64764854427,30393.0098119137,30377.75,short,28.897648544269032,a favor,en contra,a favor,a favor,a favor,alto,medio,alto,alto,medio,alto,266.0,0.13815789473684212,1.0,alta,lateral,contra el día
B_completo,2026-06-01,MNQ,1,1,2026-06-01 10:50:00,30441.5,2026-06-01 11:34:00,30546.0,30389.25,30546.0,target,209.0,1.58,207.42,104.5,1.985,45,vwap_liq_rejection_long,162.25,21.475,172.25,1.061633281972265,52.709102960987366,2.0343420022982173,7.34620663908936,True,False,1.342341657343341,30387.790897039013,30386.302135044432,30440.5,long,52.709102960987366,a favor,a favor,a favor,a favor,a favor,alto,alto,medio,bajo,alto,medio,397.0,0.6013853904282116,1.0,alta,tendencial,a favor del día
B_completo,2026-06-02,MNQ,1,1,2026-06-02 15:04:00,30659.0,2026-06-02 15:50:00,30702.0,30614.0,30749.0,session_flatten,86.0,1.58,84.42,90.0,0.938,47,vwap_liq_rejection_long,172.75,8.7125,288.75,1.6714905933429811,49.84456073608089,0.42373606031469535,-4.478379937754653,True,False,1.3130052306229196,30608.40543926392,30640.38697420003,30658.25,long,49.84456073608089,a favor,en contra,a favor,a favor,a favor,alto,bajo,alto,alto,alto,medio,295.25,0.5690093141405589,1.0,alta,tendencial,a favor del día
B_completo,2026-06-03,MNQ,1,1,2026-06-03 10:39:00,30714.5,2026-06-03 10:51:00,30659.5,30660.0,30823.5,stop,-110.0,1.58,-111.58,109.0,-1.024,13,vwap_liq_rejection_long,312.25,26.75,312.25,1.0,58.34959804816026,5.066800104141294,9.778784464477212,True,False,1.188163312648611,30655.15040195184,30660.905806622188,30713.5,long,58.34959804816026,a favor,a favor,a favor,a favor,a favor,alto,alto,alto,bajo,alto,bajo,312.25,0.33146517213771015,-1.0,alta,mixto,contra el día
B_completo,2026-06-08,MNQ,1,1,2026-06-08 14:34:00,29607.5,2026-06-08 14:39:00,29570.0,29570.25,29682.0,stop,-75.0,1.58,-76.58,74.5,-1.028,6,vwap_liq_rejection_long,243.0,17.4375,411.75,1.6944444444444444,56.81247063621413,0.5445223417918896,6.935187001716258,True,False,1.1487401788133298,29550.187529363786,29566.736916107933,29607.0,long,56.81247063621413,a favor,a favor,a favor,a favor,a favor,alto,alto,alto,alto,alto,bajo,411.75,0.17789921068609593,-1.0,alta,lateral,contra el día
B_completo,2026-06-15,MNQ,1,1,2026-06-15 10:16:00,30427.0,2026-06-15 10:23:00,30376.5,30376.75,30527.5,stop,-101.0,1.58,-102.58,100.5,-1.021,8,vwap_liq_rejection_long,191.5,30.225,191.5,1.0,13.616216628957773,3.198304194917,177.45617020724603,False,True,1.745632457132307,30413.633783371042,29932.806799645594,30427.25,long,13.616216628957773,a favor,a favor,a favor,a favor,en contra,alto,alto,alto,bajo,bajo,alto,307.25,0.6680227827502034,1.0,alta,tendencial,a favor del día
B_completo,2026-06-15,MNQ,1,1,2026-06-15 10:53:00,30450.0,2026-06-15 11:48:00,30557.0,30396.5,30557.0,target,214.0,1.58,212.42,107.0,1.985,56,vwap_liq_rejection_long,191.5,23.575,191.5,1.0,35.01142588238508,0.44268054045460303,120.20109914204659,False,False,1.2848006924075588,30416.738574117615,30085.160674473438,30451.75,long,35.01142588238508,a favor,a favor,a favor,a favor,mixta,alto,alto,alto,bajo,medio,medio,307.25,0.6680227827502034,1.0,alta,tendencial,a favor del día
